ファイル名,レベル（ディレクトリ）,レベル（JSON内）,tipsName,targetPersona,problemToSolve,traditionalMethodDiagram,aiMethodDiagram,solutionText,step1Headline,step1Example,step2Headline,step2Example,step3Headline,step3Example,effect
01_beginner_organize-thoughts.json,初級,初級,ごちゃごちゃな頭の中を、AIに話すだけでスッキリ整理する「最初の感動」体験術,AIに初めて触れる方、やることが多くて何から手をつければいいか分からないと感じているすべての人,頭の中にやることリストや心配事がごちゃ混ぜになり、思考が停止してしまう。AIとの対話を通じて、思考が整理されるという「AIの基本的なお役立ち度」を実感する最初のステップです。,【AI登場以前】手帳にタスクを書き出す。→ でも、どれも大事に思えて優先順位がつけられない。→ 結局、目の前の簡単な作業から手をつけてしまい、本当に重要なことが後回しになる。,【超AI独学法】AIに「ちょっと聞いて！頭がごちゃごちゃなんだ」と話しかける。→ 思いつくままに話す。→ AIが客観的に情報を整理してくれる。→ 「なるほど、こう考えればいいのか！」というAIの基本的な便利さに気づく。,私たちの頭の中は、たくさんの情報で散らかった部屋のようなものです。AIは、そんなあなたの思考を片付けてくれる、親切なアシスタントです。あなたが頭の中にあることをただ話すだけで、「まず、この3つから始めてみてはいかがでしょう？」と、客観的な視点から優しく整理してくれます。この体験は、「AIって、案外簡単で、すごく便利なんだ！」と感じるための、感動的な第一歩となるでしょう。,Step1：「AIって何だろう？」まずは気軽に話しかけてみる,「こんにちは。少し、頭の中の整理を手伝ってもらえますか？」と、まずはAIに話しかけてみましょう。完璧な文章である必要はありません。AIとの対話を始めることが、最初のゴールです。,Step2：完璧を目指さず、思いつくままに話してみる,「明日のプレゼン資料も作らなきゃだし、来週の会議の準備もある。あ、経費の精算も溜まってるんだった…」というように、順番や重要度を気にせず、思いつくままに話します。AIは、どんなにまとまりのない話でも、辛抱強く聞いてくれます。,Step3：AIに「整理して」とシンプルにお願いする,すべて話し終えたら、「今の話を整理して、今日私が集中すべきことを3つだけ教えてください」と、シンプルにお願いしてみましょう。AIは即座に内容を分析し、「今日はプレゼン資料の完成に集中するのが良さそうです」といった、分かりやすいアドバイスをくれます。,わずか10分AIと対話するだけで、その日1日の行動計画が驚くほど明確なります。AIが自分の思考を客観的に整理してくれる便利さを実感し、「AIって使えるかも！」というポジティブな第一印象を持つことができます。頭の中がスッキリすることで、心にも余裕が生まれます。
02_kyoko_beginner_web-summary.json,初級,初級,長いWeb記事をAIに要約させ、「タイパ」が爆上がりする体験術,情報収集に時間をかけたくない、かけられないと感じている方、AIの基本的な能力を手軽に試してみたい方,情報収集はしたいけど、長い記事を全部読むのは面倒くさい。AIを使って「時間をかけずに賢くなる」という、最も分かりやすい成功体験を得るためのTipsです。,【AI登場以前】たくさんのWebページを開きっぱなしにする。→ 一つずつ流し読みするが、途中で飽きてしまう。→ 結局、どの記事に何が書いてあったかよく分からず、情報収集だけで疲れてしまう。,【超AI独学法】気になる記事のURLをAIに渡す。→ 「この記事、3行で教えて」とお願いするだけ。→ AIが瞬時に記事を読んで、要点だけを教えてくれる。→ 「AI、すごい！賢い！」という感動を手軽に味わえる。,現代は情報が多すぎて、すべてを真面目に読むのは不可能です。AIは、人間が何十分もかけて読むような長い記事でも、数秒でその核心を見抜くことができます。この記事の要約機能は、「AIってこんなに便利なものだったのか！」という感動を、最も手軽に、そして最も分かりやすく体験させてくれる最高の入り口です。AIに面倒な作業を任せ、自分は最も重要な「判断」に集中する。その第一歩を、ここから始めましょう。,Step1：要約してほしい記事のURLをコピーする,情報収集中に見つけた、全部読むのが大変そうなWeb記事やニュースのURLをコピーしておきます。まずは一本の記事から試してみましょう。,Step2：AIに「〇〇して」とシンプルにお願いする,ChatGPTやCopilotなどのAIチャットを開き、コピーしたURLを貼り付けます。そして、「この記事を3行で要約して」「この記事の結論だけを教えて」のように、シンプルにお願いしてみましょう。AIは快く引き受けてくれます。,Step3：AIの仕事ぶりを見て、その賢さを実感する,AIが瞬時に生成した要約を読み、記事の全体像を把握します。AIの要約が分かりやすければ、その記事はあなたにとって読む価値がないかもしれません。逆に、要約を読んで「もっと詳しく知りたい！」と思えば、その時初めて全文をじっくり読めば良いのです。AIが、あなたの貴重な時間を節約してくれた瞬間です。,情報収集の効率が劇的に向上し、「タイパ（タイムパフォーマンス）」が爆上がりする快感を味わえます。情報の洪水に溺れることなく、自分にとっ本当に重要な情報だけを選び取るという、AI時代の基本的なスキルが身につきます。
03_tatsuya_beginner_personalized-news-report.json,初級,初級,AIを「あなただけの情報収集アシスタント」に任命し、毎朝のニュースチェックを自動化する術,業界の最新情報を追いかけたいが、忙しくてニュースを読む時間がない方、情報収集を効率化する第一歩を踏み出したい方,毎日たくさんのニュースが流れてきて、どれが自分に関係のある重要な情報なのか分からない。情報収集という単純作業に、貴重な朝の時間を使いたくない、という課題を解決します。,【AI登場以前】毎朝、複数のニュースサイトを巡回する。→ 情報が多すぎて、全部読みきれない。→ 大事なニュースを見逃してしまうこともある。→ 結局、情報収集だけで1時間もかかってしまう。,【超AI独学法】AI検索エンジンに「私の専門分野（AIと人事）について、この1週間で最も重要なニュースを3つにまとめて。特にライバル会社A社の動きに注目してね」と一度だけお願いしておく。→ 毎週、AIが自動で情報を集めて要約し、あなた専用のニュースレポートを届けてくれる。,情報収集の価値は、情報の速さと、それが「自分にとって」重要かどうかを見極めることにあります。AI検索エンジン（Perplexityなど）は、あなた専用の超優秀な情報収集アシスタントです。一度あなたの興味や関心を教えておけば、あとはAIが24時間365日、あなたのために情報を集め続け、最も重要なニュースだけを厳選して分かりやすく要約し、毎朝届けてくれます。これにより、あなたは退屈な情報収集作業から解放され、朝の貴重な時間を、より創造的な思考のために使うことができるのです。,Step1：情報収集の「目的」と「キーワード」をAIに教える,まず、何のために、どんな情報を集めたいのか明確にします。例：「目的：自社のマーケティング戦略の参考にしたい」「キーワード：『SaaS業界』『BtoBマーケティング』『最新事例』」「いらない情報：採用、人事異動」,Step2：AIに「専属リサーチャー」として、具体的な調査を依頼する,PerplexityなどのAI検索エンジンを開き、定義した目的とキーワードを基に、具体的な質問を作成します。「あなたは私の専属リサーチャーです。SaaS業界のBtoBマーケティングに関する最新の成功事例を、直近1ヶ月のニュースから3つ挙げ、それぞれが成功した理由を簡潔に解説してください」とお願いしてみましょう。,Step3：その調査を「定期実行」させ、情報収集を完全に自動化する,作成した質問を、定期的に実行するよう設定します。多くのAIツールや、自動化ツールと連携することで、「毎週月曜の朝9時にこのプロンプトを実行し、結果をSlackに通知するといったワークフローを構築できます。これにより、あなたはもうニュースサイトを巡回する必要はありません。,業界の最新動向や競合の動きを、最小限の時間でキャッチアップできます。情報収集という作業から解放され、得られた情報をどう活用するかという、より戦略的な思考に時間を使えるようになります。常に最新の情報で武装することで、ビジネスの意思決定の質が向上します。
04_advanced_ai-research-agent.json,初級,初級,AIにあなた専用の「リサーチチーム」を作らせて、知りたい情報を自動で集める術,情報収集に時間を取られすぎて、本当に大切な仕事に集中できないビジネスパーソン、研究者、企画担当者,毎日たくさんのニュースをチェックしても、本当に重要な情報を見つけ出すのが大変で、結局時間の無駄になっている気がするという課題を解決します。,【従来の独学法】毎朝1時間かけてニュースサイトをチェック → 情報が多すぎて頭がパンク → どれが重要か分からなくなる → 結局、他の人から聞いた話に頼ってしまう → 大事な情報を見逃すことがある,【超AI独学法】AIに「私の専属リサーチチームになって」とお願いする → 興味のある分野やキーワードを教える → AIが毎朝自動で情報を集めて分析 → 最も重要なニュース5つだけをレポートしてくれる → 情報収集がたった5分で完了する,情報収集は大切ですが、時間をかけすぎるのはもったいないです。AIをあなた専用のリサーチチームに任命すれば、世界中の情報の中から、あなたにとって本当に価値のある情報だけを自動で集めてくれます。まるで優秀な秘書チームが、大量の新聞や雑誌から必要な記事だけを切り抜いてくれるように、情報収集の時間を劇的に短縮し、あなたの知的生産性を最大限に高めてくれるのです。,Step1：AIに「専属リサーチャー」の役割を与える,「あなたは私のために働く、超優秀なリサーチ担当者です」とAIにお願いします。そして、あなたの専門分野（例：AI業界、マーケティング）、知りたいキーワード（例：生成AI、DX人材）、信頼しているニュースサイトなどを具体的に教えます。,Step2：欲しいレポートの「型」を教える,毎朝9時に届けてほしいレポートの形式を具体的に指示します。「一番大事なニュースを1行で」「トップ5ニュースをそれぞれ3行で要約」「業界にどんな影響があるか」「私へのアドバイス」といったシンプルな構成でお願いしましょう。,Step3：AIを「育てる」フィードバック,AIが届けてくれたレポートに、「このニュースはあまり関係ないかな」「このニュースサイトの情報はとても参考になる」といった感想を伝えます。これを繰り返すことで、AIはあなたの好みを学習し、どんどん賢いリサーチャーに成長していきます。,毎日の情報収集が1時間から5分に短縮され、企画を考えたり、文章を書いたりといった、あなにしかできない創造的な仕事に集中できます。業界の重要な動きを見逃さなくなり、常に最新の情報でビジネスの判断ができます。自分向けにカスタマイズされた質の高い情報だけが手に入るので、情報に振り回されることがなくなります。
05_tatsuya_beginner_gemini-in-workspace.json,初級,初級,GmailやGoogleドライブにいるAIに「あの件どうだっけ？」と聞くだけで、情報を一瞬で探し出す術,「あのファイル、どこに保存したかな？」「あのメール、誰からだっけ？」と、パソコンの中から情報を探すのに多くの時間を費やしている方,プロジェクトの情報が、Gmail、Googleドライブ、Googleドキュメントなど、あちこちに散らばっていて、必要な情報を探すのが大変…という、誰もが経験する課題を解決します。,【AI登場以前】Gmailの検索窓でキーワードを打ち込み、大量のメールから目的のものを必死で探す。→ 次にGoogleドライブでも同じように検索し、ファイルを一つずつ開いて中身を確認する。→ この繰り返しで、探すだけで一苦労。,【超AI独学法】GmailやGoogleドキュメントの横にいるGemini（AI）に、「@gmail @docs 『αプロジェクト』に関するこの1ヶ月のやり取りと、大事な決定事項をまとめて」と話しかけるだけ。→ Geminiがメールやドキュメントを横断的に探し、一つのレポートにまとめてくれる。,仕事の情報は、メール、チャット、ファイルなど、様々な場所に断片的に保存されています。この情報の散らかりこそが、私たちの生産性を下げる大きな原因です。Google Workspaceに搭載されたAI「Gemini」は、アプリの壁を越えて、あなたの情報を横断的に探し、整理する能力を持っています。あなたが「あの件どうだっけ？」とAIに尋ねるだけで、まるで優秀なアシスタントが関連資料を全て集めてくれるように、必要な情報を瞬時に手に入れることができるのです。,Step1：Geminiに「@」を使って、探してほしい場所を教える,GmailやGoogleドキュメントなどの画面右側にあるGeminiアイコンをクリックして、AIを呼び出します。質問を入力する欄で「@」を押すと、「Gmail」「Google ドライブ」などの候補が出てくるので、情報を探したい場所を選びましょう。,Step2：探している情報の「キーワード」や「期間」を伝える,探す場所を指定したら、キーワードや期間を伝えます。「@gmail @drive 『ABC商事との契約』に関する、今年のやり取りを全部探して」のように、複数の場所とキーワードを組み合わせるのがコツです。,Step3：見つかった情報を、さらに「要約」してもらう,Geminiが関連情報を見つけ出したら、次はその内容を要約してもらいます。「見つかった情報を時系列に並べて、重要なポイントを3つにまとめて」「Aさんから送られてきた様書の添付ファイルへのリンクを教えて」とお願いすれば、膨大な情報の中から核心部分だけを効率的に知ることができます。,必要な情報を探す時間が劇的に短縮され、情報の見落としがなくなります。あちこちのアプリに散らばった情報を、頭の中で整理するという認知的な負担から解放されます。過去の経緯や文脈を瞬時に把握できるため、より速く、的確な判断ができるようになります。
06_kyoko_intermediate_copilot-coaching.json,初級,初級,AI先生に文章を添削してもらい、ビジネスメールの苦手意識を克服する術,自分が書いたメールやチャットの文章が、相手に失礼だと思われないか、いつも不安に感じてしまう方,自分で書いたメールの文章が、相手に失礼になっていないか、意図が正確に伝わるか不安で、送信ボタンを押すのに時間がかかってしまう…という課題を解決します。,【AI登場以前】ビジネスメールの書き方の本を読む。→ 何度も文章を書き直してみる。→ 上司や先輩に確認してもらうが、毎回頼むのは気が引ける。→ 結局、不安なまま送信する。,【超AI独学法】自分で書いたメールの下書きをCopilot（AI機能）に見せる。→ 「この文章、もっとプロっぽくして」「もっと丁寧な言い方にして」とお願いする。→ AIが具体的な修正案（言葉遣い、構成、丁寧さ）を教えてくれる。,ビジネスコミュニケーションでは、内容の正しさと同じくらい、「伝え方」が重要です。文章に対する不安の根本原因は、客観的なアドバイスをもらう機会が少ないことにあります。Microsoft Copilotの「コーチング機能」は、あなた専用の文章の先生です。AIがあなたの文章を分析し、「この表現は少しきつく聞こえるかもしれません。代わりに『〜していただけますでしょうか』という表現はいかがでしょう」といった形で、具体的な改善案を教えてくれます。これにより、誰にも気兼ねなく、文章力を客観的に磨くことができます。,Step1：添削してほしい下書きの文章を用意する,ず、OutlookやWordで、自分で下書きしたメールや文書を用意します。完璧でなくても大丈夫です。伝えたいことが大体書けている状態の文章を用意しましょう。,Step2：Copilotの「コーチング」機能を呼び出す,作成した文章を選んだ状態で、Copilotのメニューから「コーチング」や「文章の改善」といった機能を選択します。すると、Copilotが自動であなたの文章を分析し始めます。,Step3：AI先生からの提案を確認し、文章を修正する,Copilotは、元の文章の横に、改善案を提示してくれます。「表現の分かりやすさ」「丁寧さ」といった観点で、どこがどう改善されたのかが一目で分かります。内容を確認し、納得できれば「採用」ボタンを押すだけで、あなたの文章がより洗練されたものに生まれ変わります。,自分の文章を客観的に見直す機会が得られ、ビジネスコミュニケーションの質が向します。相手に与える印象が良くなり、信頼関係を築きやすくなります。文章に対する自信がつき、コミュニケーションがもっとスムーズになります。
07_kyoko_beginner_simplification.json,初級,初級,専門用語や社内用語を、AIに「通訳」させて誰にでも伝わる言葉にする術,専門用語や社内だけで通じる言葉をつい使ってしまい、他部署の人やお客様との会話が噛み合わないことがある方,自分では当たり前に使っている専門用語や社内用語が、他部署の人やお客様には全く通じず、話が噛み合わない…という課題を解決します。,【AI登場以前】自分の部署の常識で説明してしまう。→ 相手の表情が「？」となっているのに気づかず、一方的に話し続ける。→ 結果、言いたいことが全く伝わらず、誤解が生まれる。,【超AI独学法】AIに「この文章を、IT部署以外の人にも分かるように、専門用語なしで書き換えて」「この社内用語『〇〇』を、初めて聞く人にも分かるよう、具体的な例を挙げて説明して」とお願いする。→ AIが、相手の知識レベルに合わせて、分かりやすい言葉に「通訳」してくれる。,スムーズなコミュニケーションの秘訣は、「相手が分かる言葉で話す」ことです。この問題の根本は、私たちが無意識のうちに「自分たちの当たり前」を相手に押し付けていることにあります。AIは、異なる知識を持つ人々の間に立つ、超優秀な「通訳者」です。専門的な内容を、身近な例え話を交えながら、誰にでも理解できる簡単な言葉に変換するのが得意です。AIに通訳してもらうことで、部署や会社の違いを乗り越え、スムーズな意思疎通が可能になります。,Step1：「通訳」してほしい文章や言葉を用意する,まず、お客様への提案書や、他部署へのお願いメールなど、専門用語や社内用語が含まれている文章を用意します。,Step2：AIに「誰に」伝えたいのかを教える,AIに文章を見せて、「この文章を、経理部の〇〇さん（ITは苦手）に説明するための原稿に書き換えて」「小学生にも分かるように、この技術の仕組みを説明して」のように、聞き手のキャラクターを具体的に設定することが成功のコツです。,Step3：AIが作った「通訳案」を、自分の言葉として使ってみる,AIは、「API連携とは、例えるならレストランのウェイターです。お客様（アプリA）からの注文（データ貸して）を厨房（アプリB）に伝え、出来上がった料理（データ）を席まで運んでくれます」といった、分かりやすい例え話を作ってくれます。その表現を参考に、自分の言葉として自然に話せるように練習しましょう。,専門知識がない相手にも、複雑な内容を正確かつ分かりやすく伝えることができます。コミュニケーションのすれ違いが減り、仕事がスムーズに進むようになります。相手の視点に立って考えるクセがつき、あなたのコミュニケーション能力そのものが向上します。
08_tatsuya_beginner_word-to-powerpoint.json,初級,初級,Word文書をAIに渡すだけで、PowerPoint資料を自動で作成させる術,Wordで作った報告書の内容を、手作業でパワポに作り直すのが面倒だと感じている方,Wordで作った詳しい報告書や議事録を、プレゼン用にPowerPointのスライドに手作業でコピペして要約するのが非常に面倒くさい、という課題を解決します。,【AI登場以前】パソコンの画面半分にWordを、もう半分にPowerPointを開く。→ Wordからコピペし、箇条書きに直し、スライドの見た目を整える。→ 元のWordを修正したら、パワポも手で直さなければならず、二度手間になる。,【超AI独学法】完成したWord文書を開いたまま、PowerPointのCopilot（AI機能）を起動。「このWord文書からプレゼン資料を作って」とお願いするだけ。→ AIがWord文書の構成を理解し、タイトル、目次、各スライドの要約、さらには発表者用のメモまで含んだ資料の骨子を自動で作ってくれる。,報告書とプレゼン資料は、結局のところ同じ内容を違う形で見せているだけです。この面倒な作業の根本原因は、文章（Word）から図解（PowerPoint）への変換を、私たち人間が手作業で行っている非効率さにあります。Microsoft Copilotは、Word文書の見出しの構造を理解し、それをプレゼンテーションの骨格として自動的に変換する能力を持っています。Wordの大見出しがスライドのタイトルに、中見出しが箇条書きになるなど、文書の論理的な構成を保ったまま、瞬時にプレゼン資料のたたき台を作成します。これにより、あなたは面倒なコピペ作業から解放されるのです。,Step1：Word文書の「見出し」を正しく設定する（最重要！）,まず、パワポにしたいWord文書を用意します。AIが文書の構造正しく理解できるように、「ホーム」タブの「スタイル」機能を使って、章のタイトルに「見出し1」、節のタイトルに「見出し2」をそれぞれ設定しておくことが、成功の最大のコツです。,Step2：PowerPointのCopilotに、Word文書の場所を教える,新しいPowerPointを開き、「ホーム」タブにある「Copilot」ボタンを押します。出てきたメニューから「ファイルからプレゼンテーションを作成」を選び、先ほど準備したWord文書を指定しましょう。,Step3：AIが作ったスライドを確認し、デザインを整える,CopilotがWord文書を分析し、プレゼン資料のドラフトを自動で作ってくれます。各スライドの内容がきちんと要約されているかを確認しましょう。その後、「デザイナー」機能を使えば、ワンクリックでスライド全体のデザインをおしゃれに変更できます。Copilotが提案してくれる発表者用のメモも、プレゼンの参考なります。,報告書からプレゼン資料を作る時間が劇的に短縮され、数時間かかっていた作業が数分で終わります。コピペミスや要約の抜け漏れがなくなり、資料の質が安定します。資料作成の二度手間から解放され、プレゼンの内容を考えるという、より本質的な仕事に集中できます。
09_kyoko_advanced_copilot-illustration.json,初級,初級,パワポでAIに「いい感じの図」を作ってもらい、資料を分かりやすくする術,プレゼン資料で、文章だけでは伝わりにくい複雑な話を、図やイラストで分かりやすく表現したいが、デザインセンスに自信がない方,プレゼン資料を作る時、複雑な関係性を分かりやすく図で表現したいけど、デザインセンスがなくてダサい図しか作れない。結局、作図にものすごく時間がかかってしまう…という課題を解決します。,【AI登場以前】PowerPointの図形機能を頑張って使い、手作業で図を作る。→ 配置や色の組み合わせに悩み、時間をかけても素人っぽい図しか作れない。→ 結局、フリー素材サイトでイメージに合うイラストを探し回る羽目になる。,【超AI独学法】PowerPointのCopilot（AI機能）に、「『戦略』『チームワーク』『成長』の3つがぐるぐる回る感じを、おしゃれなイラストで作って」とお願いするだけ。→ AIが数秒で、指示に合った高品質な図やイラストを何パターンか提案してくれる。,「百聞は一見に如かず」と言うように、一枚の優れた図は、長い文章よりもずっと多くの情報を直感的に伝えることができます。しかし、多くのビジネスパーソンはデザインの専門家ではありません。Microsoft Copilotは、あなたが言葉で伝えた抽象的なイメージを、具体的なビジュアルに変換する能力を持っています。デザインの知識がなくても、「〜な感じのイラスト」とお願いするだけで、AIが文脈に合った図やイラストを自動で作ってくれます。これにより、誰でも自分の考えを効果的に「見える化」し、コミュニケーションの質を劇的に向上させることができるのです。,Step1：図にしたい「イメージ」を言葉にする,まず、どんな図やイラストが欲しいのかを、具体的な言葉で表現します。例えば、「3つの部署（営業、開発、マーケ）が協力して、顧客という一つの目標に向かっている様子」「『計画→実行→評価→改善』のPDCAサイクルが、らせん階段を上っていくようなイメージ」のように書き出してみましょう。,Step2：Copilotに「デザインの雰囲気」も一緒に伝える,PowerPointのリボン（上部のメニュー）からCopilotを呼び出し、言葉にしたイメージと、希望するデザインの雰囲気を伝えます。「『3C分析』のフレームワークを、シンプルで知的な感じのアイコンを使って図解して」「会社のロゴカラーの青をベースに、水彩画みたいな優しいタッチで『持続可能な社会』を表現して」とお願いしてみます。,Step3：AIの提案から選び、さらにお願いして修正する,Copilotは、あなたの指示に基づいていくつかのデザイン案を提案してくれます。その中からイメージに一番近いものを選んで、スライドに挿入します。もし少し違ったら、「もっとシンプルな線にして」「人物を動物のキャラクターに変えて」のように、AIと対話しながら修正していくことで、理想のイラストに近づけることができます。,資料作成の時間が大幅に短縮され、デザインの専門知識がなくても、プロ並みで分かりやすい図やイラストを作成できます。聞き手の理解度が上がり、プレゼンや報告書の説得力が飛躍的に高まります。
10_tatsuya_beginner_voice-memo-structuring.json,初級,初級,移動中にひらめいたアイデアを、AIに話すだけで「構造化メモ」に残す術,歩いている時や電車の中など、PCを開けない時に限って良いアイデアが浮かぶが、すぐに忘れてしまう方,移動中に良いアイデアが浮かんでも、メモを取る前に忘れてしまう。キーワードだけメモしても、後から見返すと何のことか思い出せない、という課題を解決します。,【AI登場以前】スマホのメモ帳に急いでキーワードを打ち込む。→ 後から見返しても、なぜこの言葉をメモしたのか思い出せない。→ せっかくのアイデアが消えてしまう。ボイスメモに録音しても、後で聞き返すのが面倒くさい。,【超AI独学法】スマホのAIアプリ（ChatGPTなど）の音声入力モードを起動。→ 「ねぇ、アイデアの壁打ちしていい？来週の企画会議の件なんだけど…」と思いついたことをそのまま話す。→ 最後に「今の話を整理して、要点と次にやるべきことをまとめて」とお願いする。→ AIが議事録のような綺麗なメモを自動で作ってくれる。,ひらめきは、突然やってきて、あっという間に消えてしまいます。その貴重な瞬間を逃さないための最強の武器が、AIを搭載した音声入力機能です。これは単なる文字起こしツールではありません。あなたが考えながら話す内容の「意味」をAIが理解し、それを論理的に整理整頓してくれるのです。まるで優秀な秘書に話しかけるだけで、アイデアが自動的に構造化され、次に何をすべきかまで明確になります。ひらめきの熱量をそのまま、価値ある知的資産として記録ることができるのです。,Step1：ひらめいたら、すぐにAIに話しかける,移動中などにアイデアが浮かんだら、すぐにスマホのChatGPTやGeminiアプリを開き、ヘッドフォンマークをタップして音声会話を始めます。話すだけで、AIがリアルタイムに文字にしてくれます。,Step2：考えをそのまま口に出す,誰かに話すように、考えていることをそのまま言葉にします。「えーっと、来週のA社への提案だけど、課題はコストじゃなくてサポート体制だよな。だから、提案のポイントは…」のように、独り言でOKです。AIが文脈を理解してくれます。,Step3：最後に「今の話をまとめて」とお願いする,一通り話し終えたら、AIにまとめ役をお願いします。「ありがとう。今の私の話を基に、提案のポイント、考えられるリスク、今日中にやるべきことを箇条書きでまとめてください。」と指示しましょう。出来上がったテキストをコピーして、メモアプリなどに保存すれば完璧です。,いつでもどこでも、ひらめきを即座に価値あるメモとして記録できます。断片的なキーワードではなく、思考の背景や文脈ごと保存できるため、後から見返してもアイデアをすぐに思い出せます。移動時間などのスキマ時間を、創造的な仕事の時間に変えることができます。
11_kyoko_beginner_gemini-wall-hitting.json,初級,初級,AIを「壁打ち相手」にして、一人では思いつかないアイデアを引き出す術,一人で考え事をしていると、いつも同じような結論になったり、大事なことを見落としてしまったりしがちな方,一人で考えていると視野が狭くなってしまい、良いアイデアが浮かばなかったり、重要な観点を見落としてしまったりする…という課題を解決します。,【AI登場以前】一人でノートに向かい、うーん…と唸りながら考えを巡らせる。→ 同僚や上司に相談しようにも、相手の時間を奪うのが申し訳ない。→ 結局、考えが堂々巡りしてしまう。,【超AI独学法】AIに「新しい企画の壁打ち相手になってほしい。私は〇〇担当で、目的は△△です」と役割をお願いする。→ AIが的確な質問を投げかけてくれたり、違う視点からの意見をくれたりして、アイデアを深める手伝いをしてくれる。,私たちの考えには、無意識の思い込みや経験からくる「クセ」がつきものです。一人で考えていると、この思考のクセから抜け出せず、堂々巡りに陥ってしまいます。Google GeminiのようなAIは、膨大な知識を持っており、多様な視点や考え方のフレームワークを提供してくれる、最高の「壁打ち相手」です。あなたの考えを言葉にしてAIに投げかけると、AIが客観的な質問を返してくれたり、自分では思いつかなかった別の選択肢やリスクを教えてくれたりします。この対話を通じて、あなたの思考は整理され、より質の高いアイデアへと磨かれていくのです。,Step1：AIに「壁打ち相手」として役割をお願いする,まず、AIに思考のパートナーとしての役割と、相談したいテーマを伝えます。「あなたは経験豊富な企画のプロです。これから私が考える新サービスのプロモーション企画について、壁打ち相手になってください。目的は若者へのアピールです」と話しかけてみましょう。,Step2：今のアイデアや悩みを、正直にぶつける,次に、あなたが今考えていることや、悩んでいることを具体的に伝えます。「インフルエンサーを起用したSNSキャンペーンを考えてるけど、予算内で効果を出せるか不安です。他にどんな方法が考えられますか？」のように、思考の現状を共有することが重要です。,Step3：AIからの質問に答え、対話と思考を深める,AIは「そのキャンペーンの具体的なターゲットは誰ですか？」「成功のゴールは何ですか？」といった的確な質問を返してきますこれらの質問に答えるプロセスそのものが、あなたの考えを深めることに繋がります。AIとの対話を続けることで、アイデアはより具体的で、実現可能なものへと進化していきます。,一人では思いつかないような多角的な視点を得ることができ、アイデアや企画の質が向上します。自分の考えを言葉にする訓練にもなり、自分の思考を客観的に見つめ直す良い機会になります。
12_tatsuya_beginner_copilot-notebook.json,初級,初級,AIに長文で相談できる「Copilotノートブック」で、思考をじっくり深める術,複雑な悩みや課題についてAIに相談したいが、短いチャットのやり取りでは、考えがまとまらないと感じている方,複雑な課題についてAIとチャットで相談すると、短いやり取りが続くため、話があちこちに飛んでしまい、思考が深まらない。一度にまとまった情報をインプットして、じっくり考えたい、という課題を解決します。,【AI登場以前】Wordやメモ帳に自分の考えを長文でまとめる。→ それを短く要約して、AIチャットに少しずつ入力する。→ しかし、AIが話の文脈を忘れてしまい、会話が噛み合わなくなることが多い。,【超AI独学法】Copilotの「ノートブック」機能を開く。→ そこに、課題の背景、目的、自分の考え、悩みなどを、数千字の「手紙」のように書き連ねる。→ 最後に「この内容を読んで、戦略アドバイザーとして、成功のポイントを3つ教えて」と指示。→ Copilotが長文全体を理解し、深い洞察に基づいた返事をくれる。,"思考の深さは、インプットする情報の質と量に比例します。通常のAIチャットは、短い会話には便利ですが、複雑なテーマについてじっくり考えるのには向いていません。Copilotの「ノートブック」機能は、最大18,000字もの長文を一度に読み込める、AIへの「手紙」のようなものです。あなたが抱える課題の背景や文脈を詳細に伝えることで、AIはあなたの思考をより深く、正確に理解し、表面的なアドバイスではない、本質的なフィードバックを返すことが可能になります。",Step1：「ノートブック」に、思考のすべてを書き出す,Copilotのチャット画面で「ノートブック」を選びす。そこに、考えたいテーマに関する情報や自分の考えを、構成は気にせず自由に書き出してみましょう。新しい企画書、レポートの草稿、キャリアの悩みなど、どんなテーマでも構いません。,Step2：AIに「役割」を与え、分析や整理をお願いする,書き出した長文の下に、AIにやってほしいことを具体的に指示します。「以上の私の考えを読んで、論理的に矛盾している点を指摘してください」「この事業計画書の中で、一番リスクが高いのはどこですか？理由も教えてください」「この文章全体を、もっと説得力のある構成に書き換えてください」などとお願いしてみましょう。,Step3：AIからの「長文の返信」を基に、さらに思考を深める,ノートブックは、AIからの返信も長文で受け取るのに適しています。AIがくれた詳細な分析や提案をじっくり読み込み、さらに考えを深めましょう。その返信を正し、再びAIに渡すことで、対話しながらアイデアを磨き上げていくことができます。,AIとの対話の質が上がり、単なる情報検索ツールから、あなたの思考をサポートする「戦略パートナー」へと進化します。自分の考えを文章にする訓練にもなり、複雑な問題に対する洞察力が自然と身につきます。
13_beginner_portfolio-site.json,初級,初級,あなたの学びと実績を、AIに「ポートフォリオサイト」として自動でデザインさせる術,これまでの経験やスキルが整理されておらず、自分の強みをうまくアピールできない方、自分だけの「名刺」となるWebサイトが欲しい方,せっかく色々なことを学んだり、仕事で成果を出したりしてきたのに、その情報が頭の中やPCの中に散らばっているだけで、誰にもその価値が伝わらない…という課題を解決します。,【AI登場以前】学んだことや実績がバラバラのまま。→ いざ自分の強みを説明しようとしても、うまく言葉にできない。→ 初対面の人に、あたの本当の価値が伝わらない。→ 大事なチャンスを逃してしまう。,【超AI独学法】AIを「凄腕のWebデザイナー」に任命。→ これまでの経歴やスキル、実績などの情報を箇条書きで渡す。→ AIが、あなたの価値が最も輝く「ストーリー」を考え、サイト構成と文章を自動で作成。→ あなただけの「成長の証明書」が完成する。,あなたのこれまでの努力や成果は、点在したままでは誰にも伝わりません。AIは、超優秀なWebデザイナー兼ブランディングのプロとして、あなたのバラバラな情報を、価値ある「作品集」へと生まれ変わらせます。まるでプロの編集者が、あなたの経験談から最も魅力的な部分を抜き出して一冊の本に仕上げるように、AIはあなただけの強力なポートフォリオサイトを作り上げてくれるのです。,Step1：あなたの「材料」をAIに渡す,これまでの職務経歴、持っているスキル、資、学習記録（セミナー参加など）、仕事で作った成果物（企画書、ブログ記事、デザインなど）の情報を、箇条書きで整理してAIに渡します。完璧にまとまっていなくても大丈夫、AIが整理してくれます。,Step2：サイトの構成案と文章をAIに作ってもらう,AIに「私の価値が一目で伝わる、強力なポートフォリオサイトの構成案と、載せるべき文章を作ってください」とお願いしましょう。AIは、あなたの魅力を引き出すキャッチコピー、戦略的なサイト構成、そして人の心を動かす自己紹介文などを自動で作成してくれます。,Step3：簡単なWebサイト作成ツールで形にする,AIが作った構成案と文章を基に、Wix、WordPress、Notionといった、初心者でも簡単に使えるWebサイト作成ツールを使って、ポートフォリオサイトを完成させます。特に自己紹介文は、あなたの情熱が伝わる物語のように書かれているはずす。,あなたのスキルと実績が「作品集」として整理され、あなたの価値をいつでも雄弁に語ってくれます。完成したポートフォリオサイトが、新しい仕事の依頼や、思わぬ素晴らしいチャンスを引き寄せる「磁石」になります。自分の成長の道のりが目に見える形になることで、さらに学び続けるモチベーションが湧いてきます。
14_intermediate_custom-learning-roadmap.json,中級,中級,AIをキャリアデザイナーとし、情熱と目標を融合させたカスタム学習ロードマップを共同設計する術,新しい分野を体系的に学びたいが、画一的な学習プランではモチベーションが続かない方、自分の興味とキャリア目標を両立させたい方,世に溢れる学習情報の中から、自分のキャリア目標と純粋な興味関心を両立できる最適な学習経路を発見できず、学習の第一歩を踏み出せない、という課題を解決します。,【従来の独学法】新しいことを学びたい → Webで情報を検索 → 「初心者はまずPython」「いやJavaScriptからだ」といった多様な意見に遭遇 → どれが自分の目標に最適か判断できず情報迷子になる → 結果、学習を開始できない。,【超AI独学法】AIに「最終目標は創造にを解放するAIサービス開発」とキャリアゴールを相談 → 「個人的な興味は現代アートと認知心理学」と情熱を伝える → AIが目標と情熱を融合させたロードマップを設計 → 「Pythonでの画像認識と、鑑賞者の感情分析を組み合わせる」といったユニークな学習計画が完成 → ワクワクしながら学習を開始できる。,学習の継続性を担保するのは、論理的な計画だけでなく「情熱」です。AIを単なる情報検索ツールではなく、あなたのキャリアデザイナーとして活用することで、最終目標と個人的な興味関心を化学反応させ、学習プロセス自体が楽しくなるような完全オーダーメイドのロードマップを設計できます。これは単なる技術習得計画ではなく、あなた独自の専門性を構築するための、情熱を羅針盤とした航海図です。,Step1：キャリアの最終目的地（ゴール）と、旅の燃料（情熱）を言語化する,最終的なキャリア目標例：AIアートジェネレーターの開発、データ分析によるスポーツチームの戦略支援）と、個人的に情熱を感じる興味・関心（例：ビデオゲーム、ミニマリストデザイン、SF小説）、そして現在のスキルレベルを具体的にAIに伝えます。論理的な目標と、感情的な興味を正直に伝えることが重要です。,Step2：AIに「キャリアデザイナー」の役割を与え、共同で設計図を描く,「あなたは世界最高のキャリアデザイナーです」と役割定義（ペルソナ設定）し、「私の目標と情熱を融合させ、3〜5つの主要マイルストーンを含む逆算ロードマップを設計してください。最初の1週間で取り組むべき具体的なアクションと、推奨リソースも提案してください」と依頼します。,Step3：AIが設計したユニークな学習計画を実行し、フィードバックを与える,AIが「まずPythonで画像処理の基礎を学び、簡単なアート生成AIのプロトタイプを構築する。その過程で、ユーザーの美的感覚を認知心理学の観点から分析する論文を読む」といった、目標と興味が融合したユニークな計画を提示します。この計画に沿って学習を進め、その進捗や感想をAIにフィードバックすることで、ロードマップをさらに最適化していきます。,自分の興味とキャリア目標に完全に最適化された学習計画により、内発的なモチベーションが最大化され、学習が継続しやすくなります。壮大な目標が具体的な日々のタスクに分解されるため、挫折することなく着実に前進できます。画一的なスキルセットではなく、誰にも真似できないあなただけのユニークな専門性を戦略的に構築できます。
15_beginner_backward-thinking.json,中級,中級,AIをプロジェクトマネージャーとし、目標達成までの全タスクを逆算思考で洗い出す術,資格取得や新規事業立ち上げなど、明確な目標はあるが、具体的な計画策定が苦手で行動に移せない方,大きな目標を立てたものの、どこから手をつければいいか分からず、結局行き当たりばったりの努力になってしまい、計画倒れや挫折を繰り返してしまう、という課題を解決します。,【従来の独学法】「半年後に資格取得！」と目標設定 → 分厚い参考書を前に圧倒される → 「とにかく気合だ！」と闇雲に勉強を開始 → 日々の業務に忙殺され計画が形骸化 → 数ヶ月後には目標自体を忘れかける。,【超AI独学法】AIに「半年後にDXアドバイザー資格を取得したい」と目標を提示 → 状（学習可能時間、現在の知識レベル）をインプット → AIが最終目標から逆算し、月・週・日単位の具体的なタスクツリーを自動生成 → 「今日は参考書の5ページを読み、AIに要約させる」という実行可能な指示を得る → 着実にタスクをこなし、マイルストーンをクリアしていく。,壮大な目標ほど、達成までの道のりが霞んで見え、最初の一歩を踏み出すことすら困難に感じられます。これは根性の問題ではなく、目標達成の「科学」、すなわちプロジェクトマネジメントの欠如が原因です。AIを優秀なプロジェクトマネージャーとして活用することで、最終的なゴールから現在地まで逆算し、壮大な目標を日々の実行可能なタスクレベルまで分解できます。これは、まるで経験豊富な登山ガイドが、山頂までの全ルートを詳細な地図に落とし込み、一歩一歩の歩みを示してくれるようなものです。,Step1：目標（Destination）と現状（Starting Point）を定量的に定義する,「半年後（日付）にDXアドバイザー資格を取得する」という目標と、「現在のIT知識は初心者レベル。平日は1日1時間、休日は3時間の学習時間を確保可能」といった現状を、できるだけ具体的かつ定量的にAIに伝えます。曖昧な情報からは、精度の高い計画は生まれません。,Step2：AIに「逆算思考」によるプロジェクト計画の策定を依頼する,「あなたは超一流のプロジェクトマネージャーです。私の目標達成を、逆算思考を用いて完璧なWBS（Work Breakdown Structure）に分解してください」と依頼します。AIは最終目標から逆算し、6ヶ月前は「公式テキストの全体像把握（1日5ページ）」、1週間前は「弱点分野に特化した模擬試験の反復演習」といった具体的なマイルストーンとタスクを設定します。,Step3：日々のタスクを実行し、進捗をAIに報告・相談する,AIが成した計画に基づき、「今日は第3章の要点をAIに要約させて音声で聴く」といった日々のタスクを実行します。タスクが具体的で実行可能なレベルまで分解されているため、「これならできる」という自己効力感が高まります。遅れが出た場合も「計画が2日遅れています。どうリカバリーすべき？」と相談すれば、AIが代替案を提示してくれます。,「今日何をすべきか」が明確になり、迷いなく学習の第一歩を踏み出せます。小さなタスクをクリアしていくことで、日々の達成感を積み重ねながら、ゲーム感覚で学習を継続できます。根性論ではなく、科学的なプロジェクト管理のアプローチを身につけることで、あらゆる目標達成に応用できる汎用的なスキルが手に入ります。
16_advanced_stumbling-prediction.json,中級,中級,学習の「つまずきポイント」をAIに予測させ、挫折を未然に防ぐ術,新しい分野の学習中、予期せぬ壁にぶつかりモチベーションが低下しがちな方、計画的な学習で挫折リスクを最小化したい方,学習を進めていると必ず難しい概念や理解不能な壁にぶつかり、その度にモチベーションが大きく低下し、時には学習を中断してしまうという課題を解決します。,【従来の独学法】順調に学習を進める → 突如、難解な概念に遭遇 → 理解できず、思考が停止する → 予期せぬ挫折感に襲われる → モチベーションが急降下し、学習が中断してしまう。,【超AI独学法】AIを「経験豊富な専属メンター」と定義 → 「これから学ぶ〇〇について、初心者がつまずきやすいポイントを3つ教えて」と質問 → AIが「この概念は△△と混同しやすいので注意」と未来の壁を予測 → 事前に対策を準備し、心の準備もしておく → 壁にぶつかっても「想定内」として冷静に突破 → 安心して学習を継続できる。,学習における最大の敵は、予期せぬ「壁」にぶつかった時の精神的なダメージです。AIを経験豊富なメンターとして活用することで、あなたがこれから遭遇するであろう「つまずきポイント」を事前に予測し、その対策まで準備することが可能になります。これは、まるでベテランの登山ガイドが、危険な岩場や天候が変わりやすい場所を事前に教え、安全なルートや装備をアドバイスしてくれるようなものです。未来の困難を予測し備えることで、学習の道のりを安心して、かつ着実に進むことにできるのです。,Step1：学習テーマと自身のレベルをAIに伝える,「これからプログラミング言語の『JavaScript』を学び始めます。私のレベルは完全な初心者です。この学習過程で、初心者が最もつまずきやすい概念や技術的なハードルを、重要度順に3つ挙げてください」と、具体的かつ明確に質問します。,Step2：AIに「メンター」として、つまずきポイントと対策をセットで尋ねる,AIに経験豊富な指導者の役割を与えます。「あなたは数多くの初心者を指導してきた経験豊富なプログラミングのメンターです。先ほど挙げたつまずきポイントそれぞれについて、初心者が乗り越えるための具体的な学習方法や、参考になるWebサイト、心構えなどを教えてください」と依頼します。,Step3：予測された壁を「学習計画」に組み込み、事前対策を講じる,AIが「『非同期処』の概念は最初の大きな壁です。図解の多い解説動画を先に見ておくと良いでしょう」と教えてくれたら、それを学習計画に組み込みます。壁にぶつかっても「これがあの有名な非同期処理か」と冷静に対処でき、パニックに陥ることなく、むしろゲームのボスキャラを倒すような感覚で乗り越えられます。,つまずくことを事前に知っておくだけで、精神的なダメージを大幅に軽減できます。事前に対策を立てておくことで、壁にぶつかってもスムーズに乗り越えられ、学習の中断を防ぎます。「この先も大丈夫だ」という心理的な安全性が確保され、新しい知識への挑戦を後押ししてくれます。
17_intermediate_learning-style.json,中級,中級,AIに「学習スタイル診断」をさせ、あなたの脳に最適な学習戦略を発見する術,世間で良いと言われる学習法を試しても、なぜか自分には合わないと感じることが多い方、自分の特性に合った効率的な学習法を見つけたい方,世間で「これが効率的だ」と言われる学習法を試しても自分には合わず、自分の特性を理解しないまま手当たり次第に試しては効果が出ずに挫折してしまう、という課題を解決します。,【従来の独学法】話題の学習法（例：ポモドーロテクニック）を試す → なぜか集中できない → 別の方法（例：朝活）を試す → やはり続かない → 手当たり次第の繰り返しで疲弊 → 「自分は意志が弱い」と自己嫌悪に陥る。,【超AI独学法】AIを「教育心理学者」と定義 → 自身の性格（MBTIなど）や過去の成功・失敗体験をインプット → AIが「あなたは視覚優位で、体系的な知識構造を好む傾向がある」と分析 → 「動画よりも図解の多い書籍で学び、マインドマップで知識を整理するのが最適」と具体的な戦略を提案 → 自分に合った「型」で学習し、努力が結果に直結する。,万人にとって完璧な学習法は存在しません。なぜなら、人それぞれ脳の特性や思考のクセが異なるからです。AIを教育心理学者として活用することで、あなたの性格や過去の経験といったパーソナルなデータを分析し、あなただけの最適な学習スタイルを科学的に診断できます。これは、まるで優れた教育コンサルタントが、あなたの認知特性やモチベーションの源泉を見抜き、最も効率的に成長でるオーダーメイドの学習戦略を立案してくれるようなものです。これにより、無駄な努力から解放され、最短距離で目標を達成できます。,Step1：自己分析のための「パーソナルデータ」をAIに提供する,「私のこれまでの学習経験や性格を分析し、私に最適な学習スタイルを診断してください」と依頼します。その際、MBTIなどの性格診断結果、これまでの成功体験（例：一夜漬けが得意だった）や失敗体験（例：コツコツやるのが苦手）、好きなこと・嫌いなことといった、自己分析の材料となる情報を提供します。,Step2：AIに複数の「分析軸」を与え、学習特性を診断させる,AIに「教育心理学のフレームワークに基づき、①感覚タイプ（視覚/聴覚/体感覚）、②思考タイプ（論理/直感）、③モチベーション源（内発的/外発的）の観点から、私の学習特性を分析し、レポートを作成してください」と、専門的な分析を依頼します。,Step3：診断結果に基づき、具体的な学習方法をAIと共同で設計する,AIから「あなたは視覚優位で、論理的な繋がりを重視するタイプです。動画で断片的に学ぶより、体系化された書籍で学び、学んだ内容をマインドマップで構造化するのが最も効果的でしょう」といった診断結果を受け取ります。その上で、「この診断に基づき、次の資格試験の学習計画を立てて」と、具体的なアクションプランに落とし込みます。,自分の脳の特性に合った方法で学ぶことで、努力が直接結果に結びつきやすくなり、学習効率が最大化されます。自分がどのような人間なのかを客観的に理解することで、学習だけでなく、仕事や人間関係における自己理解も深まります。自分に合わない学習法に時間とエネルギーを浪費することがなくなります。
18_intermediate_emotion-wave-analysis.json,中級,中級,日々の感情の波をAIに分析させ、あなたの「ゴールデンタイム」を発見する術,日によって集中力や気分にムラがあり、パフォーマンスが安定しない方、自分のバイオリズムを科学的にハックして生産性を高めたい方,気分や体調の波によって集中力が安定せず、根性論で無理に頑張ろうとして、かえって効率が下がってしまう。自分のパフォーマンスが最大化される「ゴールデンタイム」を知りたい、という課題を解決します。,【従来の独学法】「よし、朝から勉強するぞ！」と意気込む → なぜか全く集中できない → 「気合が足りないんだ」と自分を責める → 無理に机に向かい続けるが、効率は最悪 → 自己嫌悪に陥り、さらにパフォーマンスが低下する。,【超AI独学】毎日、AIに簡単な音声日記でコンディションを報告 → 集中力、気分、その日の活動内容を記録 → 1ヶ月後、AIにデータを分析させる → 「あなたのゴールデンタイムは水曜と金曜の午前中で、特に軽い運動の後は集中力が1.5倍になる」という驚きのパターンを発見 → 最も重要なタスクをゴールデンタイムに配置し、生産性が劇的に向上する。,私たちのパフォーマンスは、残念ながら常に一定ではありません。しかし多くの人は、この「感情や体調の波」という自然な現象を、意志の力だけでコントロールしようとして失敗します。AIを専属のパフォーマンスコーチとして活用することで、日々の記録から客観的なパターンを科学的に見つけ出すことができます。これは、まるで優秀なスポーツトレーナーが選手のコンディションデータを分析し、最高のパフォーマンスを発揮できる練習メニューを組むようなものです。自分でも気づかないバイオリズムの法則を発見し、波に「乗る」ことで、努力を最大化できるのです。,Step1：日々のコンディションを、AIに「定型フォーマット」で記録する,毎日の終わりに、AIに向かって簡単な報告をします。音声入力で「今日のコンディション報告です。集中力：5段階中4。気分：良好。主な活動：午前中に企画書作成、午後は会議3件。特記事項：朝15分散歩した」のように、決まったフォーマットで記録することで、後々のデータ分析が容易になります。,Step2：AIに「パフォーマンスコーチ」として、相関関係の分析を依頼する,1ヶ月分のデータが蓄積されたら、「あなたは私のパフォーマンスを最大化する専属コーチです。この1ヶ月の記録を分析し、私の生産性と相関関係の強い要素（曜日、時間帯、活動内容など）を特定し、『私の取扱説明書』を作成してください」と依頼します。,Step3：分析結果に基づき、1週間の活動を戦略的に再設計する,AIが「軽い運動の後は集中力が平均1.5倍に向上」「長時間の会議の翌日は生産性が30%低下する傾向」といった具体的なパターンを発見したら、それに基づいて週間スケジュールを再設計します。重要な思考作業はゴールデンタイムに、単純作業は集中力が低い時間帯に配置するなど、戦略的な時間管理が可能になります。,自分のバイオリズムに合わせた学習・作業計画を立てることで、努力を最大の結果に繋げられます。自分では気づけない心身のパターンを客観的に把握し、高度なセルフマネジメント能力が身につきます。「頑張る」のではなく、波に「乗る」という感覚で、無理なく、楽しく成果を出し続けることができます。
19_beginner_time-reminder.json,中級,中級,AIに「タイムキーパー」をさせ、集中力の途切れを防ぐ術,一つの作業に集中し始めると時間を忘れてしまい、気づけば他の重要なタスクが手つかずになっている方,一つの作業に没頭すると時間を忘れ、気づけば他の重要なタスクの締め切りが迫っている。計画的な時間管理ができず、常に時間に追われている感覚がある、という課題を解決します。,【従来の独学法】スマートフォンのタイマーをセットする。→ しかし、アラームが鳴ると集中が途切れてしまい、不快に感じる。→ 次第にタイマーを使わなくなり、結局時間管理が疎かになる。,【超AI独学法】AIに「今から資料作成に集中します。45分後に、次の会議の準備を始めるよう、優しい口調でリマインドしてくだい」とお願いする。→ 45分後、AIが「〇〇さん、素晴らしい集中力ですね。さて、次のステージに進む時間です。15分後の会議の準備を始めましょうか」と、コーチのように声をかけてくれる。,高い集中力（ゾーン）は、私たちの生産性を飛躍的に高めますが、同時に時間感覚を麻痺させる諸刃の剣でもあります。この課題の根本は、時間管理を「強制的な中断」と捉えてしまう私たちの心理にあります。AIを単なるアラームではなく、あなたの仕事を理解し、次のタックへとスムーズに導いてくれる「パーソナルアシスタント」として活用することで、時間管理をポジティブな体験に変えることができます。AIは、あなたの集中を尊重しつつ、全体のスケジュールが円滑に進むよう、最適なタイミングで、最適な言葉で、次の行動を促してくれます。,Step1：AIに「タイムキーパー兼アシスタント」の役割を与える,作にを始める前に、AIに具体的な役割を伝えます。「あなたは私の生産性を最大化する優秀なアシスタントです。今から『A社向け提案書作成』の作業に入ります。このタスクの制限時間は60分です」と、タスク内容と時間をセットで伝えます。,Step2：リマインドの「タイミング」と「伝え方」を具体的に指示する,AIに、どのように知らせてほしいかを具体的に指示するのがコツです。「終了10分前に一度、『残り10分です。まとめに入りましょう』と声をかけてください。終了時間になったら、『お疲れ様でした。素晴らしい集中力でしたね。次のタスクは〇〇です』と、ポジティブな言葉で知らせてください」とお願いしましょう。,Step3：AIの通知に従い、スムーズに次のタスクへ移行する,AIからの通知が来たら、キリが悪くても一度作業を中断し、次のタスクに移る習慣をつけます。AIが次のタスクを具体的に示してくれるため、「次は何をやるんだっけ？」と考える無駄な時間がなくなり、スムーズに気持ちを切り替えることができます。,一つのタスクに時間を使いすぎる「時間浪費」を防ぎ、計画的なタスク遂行が可能になります。時間管理が「やらされる」ものから、「AIと協力して進める」ポジティブな活動に変わり、ストレスが軽減されます。タスクの切り替えがスムーズになり、一日全体の生産性が向上します。
20_beginner_listen-to-books.json,中級,中級,専門書をAIに「あなた専用のオーディオブック」へ変換させ、スキマ時間で知識を吸収する術,購入した専門書が「積読」になっている方、移動時間や家事の時間を有効な学習時間に変えたい方,話題の専門書を購入しても、難解な専門用語や多忙を理由に読み進められず、本棚の肥やしになっている。投資した時間とお金が無駄になっている、という課題を解決します。,【従来の独学法】専門書を購入する。→ 難解な専門用語の連続に、数ページで眠気に襲われる。→ 挫折し、本棚に飾られる。→ 自己投資が「含み損」に変わる。,【超AI独学法】専門書のPDFをAIに読み込ませる。→ 「この本の内容を、中学生にも分かる言葉で、ストーリー仕立てで要約して」と依頼。→ AIが編集者兼ナレーターとなり、あなた専用のオーディオブックの「原稿」を作成。→ 音声読み上げツールで音声化し、通勤中に聴くだけで著者の思考が脳にインストールされる。,専門書で挫折する主な原因は、「難解な専門用語」と「まとまった読書時間の確保の難しさ」の2つです。AIを優秀な編集者として活用することで、15万字を超えるような専門書から重要なエッセンスだけを抽出し、平易な言葉で再構成させることが可能です。さらに、それを音声化することで、通勤や家事といった「スキマ時間」が、最高の学習時間へと変わります。これは、まるで著者が隣で直接、あなたのために特別講義をしてくれるかのような、新しい読書体験です。,Step1：専門書のデジタルデータ（PDFな）をAIに読み込ませる,専門書のPDFファイルやテキストデータをAIにアップロードします。紙の本の場合は、特に重要だと思う章だけでもスマートフォンでスキャンし、データ化するのがおすすめです。「この『最新AIマーケティング大全』を読み込んで、私が深く理解できるように、超絶分かりやすく要約してください」と依頼します。,Step2：AIに「編集者」としての役割を与え、要約の「型」を指示する,「あなたはNHKの教育番組を手掛けるベテラン編集者です。専門用語は中学生でも分かる平易な言葉に置き換え、聞き手がワクワクするようなストーリーテリングで構成してください」と、具体的な役割とアウトプットの形式を指示します。AIは「ニューラルネットワーク」を「脳の神経細胞の仕組みを真似したコンピューターの思考回路」のように、巧みな比喩で説明してくれます。,Step3：生成さたテキストを音声化し、「ながら学習」を実践する,AIが生成した要約テキストを、スマートフォンの音声読み上げ機能や専用のツールでオーディオブック化します。さらに高度な使い方として、「（力強く）ここが本書の最も重要なポイントです」「（少し楽しげな声で）次の章では、この理論を応用した驚くべき事例を紹介します」といったナレーターへの指示（ト書き）をテキストに加えることで、より聞きやすく、記憶に残りやすい音声コンテンツを作成できます。,移動時間や家事をしながらの「ながら学習」で、インプット効率が飛躍的に向上します。「読む」という行為の心理的ハードルが下がり、学習の挫折から解放されます。物事の本質をストーリーとして理解するため、単なる知識の暗記ではなく、実務で応用できる「知恵」として深く定着します。
21_beginner_youtube-to-text.json,中級,中級,YouTubeの教育動画をAIで「構造化テキスト教材」に変換し、知識を資産化する術,有益な動画で学んでも、後から内容を思い出せず「学びっぱなし」になっている方、動画学習の効率を最大化したい方,1時間の教育動画を視聴しても、後から重要なポイントを思い出せない。ブックマークに保存した動画が「見ただけ」で活用されず、知識が定着しないという課題を解決します。,【従来の独学法】教育系YouTube動画を視聴 → 「勉強になった！」と満足しブックマーク → 後日、内容を再確認しようとするが、1時間の動画から目的の箇所を探すのが面倒 → 結局見返さず、知識が揮発する。,【超AI独学法】動画のURLをAIに渡し、「タイムスタンプ付きで構造化された講義録を作成て」と依頼 → AIが動画を自動解析し、要約・キーポイント・詳細な文字起こしを含むテキスト教材を生成 → 後からキーワード検索で瞬時に目的の情報にアクセスし、復習・活用する。,動画学習の最大の弱点は、情報の「検索性の低さ」です。1時間の動画の中から、あの重要な一言が飛び出した5秒間を探し出すのは至難の業です。AIを優秀な学習アシスタントとして活用することで、動画コンテンツを、タイムスタンプ付きで完全に構造化されたテキスト教材へと変換できます。これは、まるでAIが動画を視聴しながら、あなたのために完璧な講義ノートを作成してくれるようなものです。これにより、動画という「フロー情報」を、いつでも検索・再利用可能な「ストック情報（知的資産）」へと昇華させることができるのです。,Step1：学習したいYouTube動画のURLをAIに提供する,学習したいYouTube動画のURLをコピーし、AIに渡します。「この勉強会の動画を基に、私専用のテキスト教材を作成してください」と依頼します。長時間の動画でも、AIは全体を正確に分析してくれます。,Step2：AIに「学習アシスタント」として、教材の「構成」を具体的に指示する,「あなたは優秀な学習アシスタントです」という役割を与え、「①動画の3行要約、②キーポイントリスト（5〜10個）、③タイムスタンプ付き詳細講義録、④明日から私が実践できるアクションプラン3つ」という形式で、構造化されたアウトプットを依頼します。話者の感情（例：「【熱弁】」）や重要なキーワードを強調させる指示も有効です。,Step3：生成されたテキスト教材を「知的資産」として活用する,AIが作成した講義録は、いつでもキーワード検索が可能です。「[35:10] 【最重要】明日からできるアクションプラン」のように、重要な部分に即座にアクスできます。このテキストをベースに、自分なりの考察を追記したり、企画書やレポート作成の参考資料として引用したりと、二次利用することで学習効果が最大化します。,動画の中から情報を「探す」という無駄な時間がなくなり、重要な部分だけを瞬時に見返せるようになります。視聴（聴覚情報）と読書（視覚情報）の組み合わせで、記憶への定着率が飛躍的に高まります。一度テキスト化された知識は、検索可能なあなたの「知的資産」となり、何度でも再利用できます。
22_tatsuya_beginner_academic-paper-summary.json,中級,初級,高度な論文や技術文書の要点をAIに抽出させ、最新技術のキャッチアップを加速させる術,自社の事業に関連する最新の技術動向を把握するため学術論文等を読む必要があるが、内容が難解で効率的に情報収集できていない方,自社の事業に関連する最新の技術動向を把握するため、学術論文や技術文書を読む必要があるが、内容が難解で読むのに時間がかかり、効率的な情報収集ができていない、という課題を解決します。,【従来の独学法】論文を最初から最後まで時間をかけて読む。専門用語の意味を一つ一つ調べながら読み進めるため、1本の論文を読むのに数時間かかることも。背景や結論がどこに書かれているか探すのも一苦労。,"【超AI独学法】PDFを読み込めるAIツール（ChatGPT-4o, Claude 3, NotebookLMなど）に論文ファイルをアップロード。「この論文の要点を『背景』『目的』『手法』『結果』『結論』の5つの項目で整理して」「この研究の新規性（オリジナリティ）は何ですか？」と指示。→ AIが論文の構造を理解し、要点を整理して提示する。",学術論文や技術文書は、定型的な構造（IMRAD形式など）で書かれています。この課題の根本は、その構造を知らずに、あるいは無視して、力任せに頭から読もうとする非効率なアプローチにあります。AIは、こうした定型的な文書構造を深く理解しており、人間よりも遥かに速く、正確に「どこに何が書かれているか」を把握できます。論文全体を読み込ませた上で、「背景と目的」「実験手法」「得られた結果」「結論と今後の課題」といった特定の要素をピンポイントで抽出させることで、論文の核心部分だけを効率的に、かつ深く理解することが可能になります。,Step1：読みたい論文や技術文書のPDFファイルを用意する,"まず、情報収集したいテーマに関連する論文や技術文書のPDFファイルを手元に準備します。学術データベース（arXiv, Google Scholarなど）からダウンロードしたもので構いません。",Step2：PDFを読み込めるAIツールにファイルをアップロードする,ChatGPT-4o、Claude 3、NotebookLMなど、PDFファイルのアップロードに対応したAIツールを開き、準備したファイルを読み込ませます。複数の関連論文を一度にアップロードするのも効果的です。,Step3：論文の「型」に沿った質問で、要点を抽出させる,"AIに論文の要約を、特定のフレームワークに沿って依頼します。「この論文について、以下の項目でまとめてください。
1. 研究背景と目的 (What/Why)
2. 手法 (How)
3. 結果と結論 (Result/Conclusion)
4. この研究の限界と今後の展望」と指示することで、構造化されたサマリーが得られます。さらに「この技術を自社の〇〇事業に応用する場合、どのような可能性がありますか？」といった発展的な質問も有効です。",論文1本あたりにかかる読書時間が劇的に短縮され、最新技術のキャッチアップ効率が飛躍的に向上します。難解な英語の論文であっても、AIに日本語で要約させることで、言語の壁を越えて情報を収集できます。常に業界の最先端の知識で自身をアップデートし続けることができます。
23_kyoko_intermediate_notebooklm-self-learning.json,中級,中級,NotebookLMに研修資料を登録し、AIに質問しながら効率的に学習する術,分厚い研修資料や製品マニュアルを渡されても、どこから手をつければいいか分からず、内容が頭に入ってこない方や、質問できる相手がいない方,分厚い研修資料や製品マニュアルを渡されても、どこから手をつければいいか分からず、内容が頭に入ってこない。質問できる先輩もいつも忙しそうにしている、という課題を解決します。,【従来の独学法】大量の資料を前に途方にくれる。最初から順番に読み進めるが、専門用語や背景知識が分からず挫折。付箋を貼ったりマーカーを引いたりするが、情報が整理できず、結局身につかない。,【超AI独学法】NotebookLMに研修資料やマニュアルのPDFを全てアプロードする。「この資料全体で最も重要な専門用語を5つ、初心者にも分かるように説明して」「〇〇機能の具体的な設定手順を教えて」と、資料に基づいた質問を投げかける。→ NotebookLMが資料の内容だけを基に、正確な回答を生成する。,受け身の学習（リーディング）は、記憶に定着しにくいものです。私たちの学習効率の課題の根本は、情報を受動的にインプットしているだけで、能動的な問いかけや思考が伴っていないことにあります。NotebookLMは、私たちがアップロードした資料だけを知識源とする、あなた専用のAI家庭教師です。Web上の不確かな情報ではなく、公式マニュアルや正規の研修資料に基づいて回答するため、非常に信頼性が高いのが特徴です。資料の内容についてAIと対話することで、「読む」という行為が「考える」「質問する」という能動的な学びに変わり、知識の定着率が飛躍的に向上します。,Step1：学習しい資料を、NotebookLMにすべてアップロードする,まず、学習のベースとなる資料（PDF、テキストファイル、Googleドキュメントなど）を用意します。NotebookLMに新しいノートブックを作成し、それらの資料を全てアップロードしましょう。製品マニュアル、過去のプロジェクト議事録、研修テキストなど、関連資料は全て登録するのがコツです。,Step2：AIに全体を要約させ、まずは概要を掴む,資料をアップロードすると、NotebookLMは自動で内容を解析し、概要を生成します。まずはその概要を読み、これから学ぶ内容の全体像を把握します。「この資料の目的と、対象読者は誰ですか？」といった質問から始めるのも有効です。,Step3：AI家庭教師に、具体的な疑問点を質問攻めにする,全体像を掴んだら、具体的な疑問点をどんどん質問していきます。「〇〇という専門用語はどういう意味すか？」「AとBの違いを表形式でまとめてください」「手順3について、初心者がやりがちな失敗例を教えてください」など、対話を重ねることで、資料への理解を深めていきましょう。回答には必ず出典元となる資料の箇所が明記されるため、事実確認も容易です。,分厚い資料を読む苦痛から解放され、対話ベースの能動的な学習が可能になります。質問相手を気にすることなく、初歩的なことから専門的なことまで、自分のペースで納得いくまで学ぶことができます。知識の吸収スピードと定着率が大幅に向上します。
24_beginner_personalized-quiz.json,中級,中級,AIにあなたのレベルに合わせた「パーソナライズド問題集」を自動生成させ、知識の穴を効率的に埋める術,市販の教材やeラーニングではレベルが合わず、学習効率が上がらない方、自分の知識の定着度を客観的に測定し、弱点を効率的に克服したい方,市販の教材では、簡単すぎて退屈な内容と、難しすぎて挫折する内容が混在しており、自分のレベルに合った効率的な学習ができない、という課題を解決します。,【従来の独学法】eラーニング教材で学習を開始 → 簡単すぎる基本問題が続き、退屈に感じる → 突然、応用問題が登場し、全く歯立たずに挫折する → レベル設定が自分に合っていない → 学習意欲が低下し、非効率な学習に陥る。,【超AI独学法】AIに「私の現在の知識レベルは10段階で4です」と自己申告 → 「今の私が少し背伸びすれば解ける、絶妙な難易度の問題を10問作成してください」と依頼 → AIがレベルに完全に最適化された問題集を生成 → 心地よい知的挑戦を繰り返すことで、効率的にレベルアップしていく。,学習効率を最大化する鍵は、常に自分のレベルより「少しだけ難しい」課題に挑戦し続けることです。これは「ゾーン・オブ・プロキシマル・ディベロップメント（ZPD）」として知られる教育心理学の理論です。AIをパーソナルコーチとして活用することで、あなたの現在の理解度を正確に把握させ、このZPDに沿った絶妙な難易度の問題を自動生成させることが可能になります。これは、まるで伝説の個別指導講師が、あなただけのために特別なトレーニングメニューを組んでくれるように、常に最適な学習負荷で、あなたの成長を最大化してくれるのです。,Step1：学習テーマと、現在の「自己評価レベル」をAIに伝える,学習中のテーマ（例：DX、プログラミング、マーケティング）と、現在の理解度を具体的に伝えます。「全くの初心者」「基本用語は理解しているが、応用的な使い方が苦手」「知識が断片的で体系化されていない」など、正直に自己評価を伝えることで、問題の精度が上がります。,Step2：AIに「個別指導講師」として、問題集の作成条件を詳細に指定する,「あなたは伝説の個別指導講師です」と役割を設定し、「①絶妙な難易度（正答率が70%程度になるように調整）、②多様な出題形式（知識を問う問題、応用力を試すケーススタディ、思考力を測る要約問題）、③超丁寧な解説付き」という条件で、10問の問題集作成を依します。,Step3：解答後の「フィードバック」を基に、AIと対話し理解を深める,問題を解いた後、AIが提供する詳しい解説を読み込みます。「なぜそうなるのか」という本質的な理由や背景まで理解することで、単なる暗記ではない、応用力のある知識が身につきます。間違えた問題については、「この問題のレベルを少し下げて、類似問題を3つ作ってください」と依頼し、確実に理解を深めていきます。,自分のレベルに完璧に合った問題で学習することで、退屈や挫折から解放され、最高の学習効率を実現できます。「分かっていること」と「分かっていないこと」の境界線が明確になり、自分の知識の穴を効率的に発見し、克服できます。常に心地よい知的挑戦を続けることで、学習意欲を高く保ちながら、着実にレベルアップできます。
25_intermediate_exam-analysis.json,中級,中級,資格試験の過去問をAIに分析させ、合格への最短ルートを導き出す術,資格試験に挑戦しているが、広大な試験範囲を前にどこから手をつければいいか分からず、非効率な学習に陥っている方,分厚い参考書を隅から隅まで完璧に勉強しようとして、膨大な時間をかけても合格点に届かない。努力の方向性が間違っているのではないか、という課題を解決します。,【従来の独学法】分厚い参考書を購入 → 完璧主義で全範囲を網羅しようと勉強する → 膨大な時間を投入する → 模擬試験で合格点にわずかに届かない → 「努力が足りない」とさらに勉強時間を増やす → 労力は増えるが、結果は変わらない。,【超AI独学法】過去問10年分のPDFをAIにアップロード → 「合格への最短ルートを分析・提示して」と依頼 → AIが出題頻度・配点・頻出キーワードをデータ分析 → 「学習すべきこと」と「捨ててもよいこと」が明確になる → 重要分野に学習リソースを集中投下 → 最小の努力で合格を勝ち取る。,多くの受験生は「努力の量」で合格を目指そうとしますが、本当に重要なのは「努力の方向性」、すなわち戦略です。AIを試験戦略コンサルタントとして活用することで、過去問という客観的なデータから出題パターンを科学的に分析し、合格への最適な学習戦略を立案できます。これは、まるで予備校のカリスマ講師が、あなただけのためにカスタマイズした必勝プランを作成してくれるようなものです。無駄な学習を徹底的に排除し、限られた時間を最も得点に繋がりやすい分野に集中させることができます。,Step1：分析材料となる「過去問データ」をAIに提供する,受験する資格試験の過去、できれば10年分以上のPDFやテキストデータをAIに読み込ませます。「この試験の過去問データを分析し、合格するための最短学習戦略を立案してください」と依頼します。可能であれば、ご自身の模擬試験の結果も一緒提供し、パーソナルな弱点分析も依頼するとさらに効果的です。,Step2：AIに「試験戦略コンサルタント」として、多角的な分析を依頼する,「あなたは難関資格試験の予備校で、数多くの受験生を合格に導いてきた伝説の講師です」という役割を与え、「①分野別の学習優先順位（超重要・重要・捨て問）、②頻出キーワードTOP100とその解説、③私の模試結果を考慮したパーソナル学習計画」の作成を依頼します。,Step3：データに基づいた「やらないこと」を決め、学習計画を実行する,AIの分析結果に基づき、戦略的な学習計画を実行します。例えば「『〇〇理論』は配点の30%占める最重要分野なので、全学習時間の40%を投下する」「『△△の歴史』は過去10年で1度しか出題されていないので、今回は思い切って学習範囲から外す」といった、データに基づいた明確な意思決定を行い、限られた時間を最も効果的に活用します。,「やらないこと」を科学的に決めることで、学習時間を50%以上削減できる可能性があります。データに基づいた戦略的アプローチにより、あなたの努力が直接得点に結びつき、合格率が飛躍的に向上します。何をすべきかが明確になることで、試験日までの漠然とした不安から解放され、精神的な安定も得られます。
26_beginner_daily-reflection.json,中級,中級,一日の終わりにAIと「5分間対話」するだけで、学びを脳に刻み込む術,学んだ内容がその日のうちに頭から抜けていく感覚がある方、インプットした知識を「使える知恵」として定着させたい方,本や研修で学んだ内容が、その場では理解したつもりでも、翌日にはほとんど忘れてしまっている。インプットしただけで満足してしまい、知識が全く定着しない、という課題を解決します。,【従来の独学法】教材を読んで学習する。→ インプットしただけで満足してしまう。→ その日のうちに内容を忘れる。→ 知識が右から左へと流れていくだけで何も身につかない。,【超AI独学法】一日の終わりにAIとの対話タイムを設ける。→ 「今日学んだのは〇〇で、特に重要だと思ったのは…」と話しかける。→ AIが「それは、つまりどういうことですか？」と鋭い質問を投げかける。→ 質問に答えるために頭を使い、考えながら話すことで、学びが言語化され、脳に深く刻まれる。,学んだ知識を長期記憶として定着させる最も効果的な方法は、それを「アウトプット」することです。AIを優秀なインタビュアーとして活用し、学んだ内容について対話することで、受動的なインプットが能動的な思考へと変わります。これは、古代ギリシャの哲学者ソクラテスが用いた「問答法」のように、「それは、つまりどういうことですか？」「なぜ、それが重要だと感じたのですか？」といったAIからの問いに答えるプロセスを通じて、あなたの学びをより深い理解へと導くのです。,Step1：AIに「今日の学び」を、構造化せずにとにかく話す,一日の終わりに、今日学んだことについてAIに5分間話します。「今日読んだ本には〇〇と書いてあって、特に重要だと思ったのは△△の部分だ。なぜなら、今の自分の仕事に活かせそうだから…」と、キーワードだけでも良いので、まずは自由に話してみましょう。,Step2：AIに「インタビュアー」として、思考を深掘りしてもらう,AIに「あなたは優秀なインタビュアーです。私の話した内容について、理解を深めるための鋭い質問を3つしてください」と依頼します。AIは「その学びを、具体的なアクションに繋げるとしたら、まず何から始めますか？」「その考え方に、何か弱点や反論は考えられますか？」といった質問で、あなたの思考を多角的に刺激します。,Step3：対話を通じて、学びを「自分の言葉」で再定義する,AIとの対話を通じて、曖-昧だった理解が、明確な「自分の言葉」に変わっていきます。「なるほど、つまりこの理論の本質は、〇〇を△△することなんだな」と、自分自身の言葉で説明できるようになった時、その知識は本当にあなたのものになっています。,学んだことを自分の言葉でアウトプットすることで、知識が長期記憶として定着しやすくなります。AIからの質問に答えることで、物事を多角的・批判的に捉える思考のクセがつきます。日々の学びが言語化されることで、自身の成長を実感でき、学習のモチベーションが向上します。
27_intermediate_feynman-technique.json,中級,中級,AIに「自分の分身」を演じさせ、学んだ知識を完全に自分のものにする術（ファインマン・テクニック応用）,本や研修で学んだ内容を「分かったつもり」で終わらせず、他人に説明できるレベルまで深く理解し、長期記憶に定着させたい方,大量の情報をインプットしても、いざ「で、それってどういうこと？」と聞かれると的確に説明できず、知識が本当に自分のものになっていない、という課題を解決します。,【従来の独学法】本を読む。→ AIが作った要約を読む。→ 「なるほど、分かった」と満足する（分かったつもり）。→ 上司に「この前の研修内容、要点だけ教えて」と聞かれる。→ 言葉に詰まる。→ 実は全く理解していなかったことに気づき、愕然とする。,【超AI独学法】学んだ内容の要約をインプット。→ AIに「あなたは私の思考と口調を真似る分身AIです。この内容を、〇〇部長に報告する体でプレゼン原稿を作成して」と依頼。→ AIが「自分の言葉」でアウトプットを再構築。→ その原稿を推敲する過程で、理解の曖昧な部分が明確になり、知識が脳に深く刻み込まれる。,知識が本当に自分のものになったかどうかは、「他人に分かりやすく説明できるか」で試されます。これはノーベル物理学賞受賞者であるリチャード・ファインマンが提唱した、最も効率的な学習法「ファインマン・テクニック」の本質です。AIをあなたの思考と文体を模倣する「分身」として活用し、学んだ内容を、特定の聞き手を想定して「あなたの言葉で」再構築させる。このプロセスを通じて、表面的な理解は深い洞察へと昇華され、知識は長期記憶として脳に刻み込まれるのです。,Step1：AIにあなたの「文体」を学習させるためのサンプルを用意する,過去にあなたが書いたブログ記事、メール、企画書など、あなたの個性や口調がよく表れている文章を複数準備します。これをAIに読み込ませることで、AIはあなたの思考パターンや言葉遣いを学習し、より精度の高い「分身」となります。,Step2：AIに「分身」として、特定のシナリオでのアウトプット作成を依頼する,「あなたは私の思考と文体を完璧に模倣する分身AIです」と役割を設定します。その上で、学んだ内容をインプットし、「この内容を、当社の営業部長（〇〇さん）に報告するための3分間プレゼンの原稿を、私のいつもの口調で作成してください」と、聞き手と形式を具体的に指定して依頼します。,Step3：AIが生成した「自分の言葉による文章」を徹底的に推敲する,AIが生成した、あなたらしいプレゼン原稿を読み込みます。そして、「この表現は、本当に自分の言葉だろうか？」「この部分の理解が、まだ浅いかもしれない」と自問自答しながら、文章を修正していきます。この推敲プロセスこそが、ファインマン・テクニックの肝であり、知識を脳に刻み込むための最も重要なステップです。,学んだ知識を「自分の言葉」で再構築するプロセスを通じて、脳が重要な情報だと認識し、長期記憶に刻み込まれます。他人に説明できるレベルまで思考を整理することで、物事の本質を深く、正確に理解できるようになります。知識が体系的に整理されるため、全く新しい問題にも応用できる、本質的な思考力が身につきます。
28_beginner_ai-english-teacher.json,中級,中級,AI英会話講師とのロールプレイで、ビジネスの現場で「使える」スピーキング力を習得する術,英会話を学びたいが、高額な費用や時間の制約で諦めている方、人前で英語を話すことへの羞恥心から、実践的な練習ができていない方,英語が話せないために、海外の取引先との交渉や国際会議の場で、本来の実力を発揮できず、貴重なビジネスチャンスを逃してしまっている、という課題を解決します。,【従来の独学法】英会話スクールを検討するが、高額な費用に躊躇する。→ 独学で単語や文法を勉強するが、話す機会がない。→ たまにオンラン英会話を試すが、間違いを恐れて当たり障りのない会話しかできず、実践力が身につかない。,【超AI独学法】AIに「あなたはハーバードビジネススクールの交渉術の教授です。私と英語で価格交渉のロールプレイをしてください」と依頼。→ 24時間いつでも、何度でも練習可能。→ AI相手なので、どんなに間違えても恥ずかしくない。→ AIから的確なフィードバックを即座に受け、表現を改善していく。→ 自信を持って、実際のビジネスシーンに臨めるようになる。,日本人が英語を話せない最大の原因は、知識不足ではなく「間違うことへの恐怖心」という心理的な壁です。AIは、あなたがどれだけ拙い英語を話しても、決して笑ったり、見下したりしない、最高の練習パートナーです。24時間365日、文句一つ言わずにあなたの練習に付き合い、客観的で的確なフィードバックを提供し続けます。これは、まるでハーバードの著名な教にが、あなたのためだけに、マンツーマンで実践的なビジネス英会話の特別レッスンをしてくれるようなものです。,Step1：練習したい「ビジネスシーン」を具体的に設定する,実際にあなたが直面するであろう、具体的で難易度の高いビジネスシーンを設定します。「海外の投資家に対する、3分間の資金調達プレゼンテーション」「タフな海外クライアントとの、厳しい価格交渉」「英語がネイティブの部下との、1on1ミーティング」など、場面が具体的であるほど、練習の効果は高まります。,Step2：AIに「役割」と「シナリオ」を与え、ロールプレイを開始する,"「あなたはハーバードビジネススクールのベテラン教授です。私とビジネスシーンのロールプレイをしてください。シナリオは価格交渉で、あなたは少しでも安く買いたいタフな顧客役です」と依頼します。AIは相手役を完璧に演じながら、リアルな会話をリードしてくれます。まずは「Hello, professor. Thank you for your time today.」から始めてみましょう。",Step3：AIからのフィードバックを基に、表現を洗練させる,会話が一区切りついたら、AIから具体的なフィードバックを受けます。「良かった点」で自信をつけ、「改善点」で文法や語彙の間違いを修正し、「よりプロフェッショナルな代替表現」で、より洗練された言い回しを習得します。例えば「I want...」を「I was wondering if we could...」に変えるだけで、相手に与える印象が格段にプロフェッショナルになります。,「間違うのが怖い」という心理的な壁が完全に取り払われ、自信を持って英語を話せるようになります。英会話スクールの数百分の一のコストで、最高の講師との実践的な練習を好きなだけ行うことができます。単なる日常会話ではなく、ビジネスで成果を出すための、高度で実践的なスピーキング能力が身につきます。
29_intermediate_business-english.json,中級,中級,AIを国際ビジネスのプロとして活用し、ネイティブも唸る「戦略的ビジネス英文」を作成する術,海外の取引先とのメールで、自分の英語が不自然でないか、微妙なニュアンスが正確に伝わっているか、常に不安を感じている方,翻訳ツールが出力した直訳調の英語が、意図せず相手に失礼な印象を与え、気づかないうちにビジネスチャンスを失っている可能性がある、という課題を解決します。,【従来の独学法】日本語でメールを作成 → 翻訳ツールで英訳する → 出力された英文の不自然さに不安を感じる → 何度も読み返し、時間をかけて修正する → しかし、本当に丁寧でプロフェッショナルな表現になっているか確信が持てないまま、震える指で送信ボタンを押す。,超AI独学法】AIを「ハーバード卒の国際ビジネス経験豊かな上司」と定義 → 日本語のメール文と共に、ビジネスの背景や相手との関係性を伝える → AIが文化的背景まで考慮した、洗練された自然な英文を生成 → さらに、直接的すぎる表現の代替案なども複数提示してくれる → 自信を持って送信できる。,グローバルビジネスにおいて、言葉の壁は信頼関係の壁に直結します。AIをハーバード卒の国際経験豊かなビジネスパーソンとして活用することで、単なる直訳ではない、文化的背景やビジネスの文脈を深く理解した最高の英文を作成できます。これは、まるで信頼できるメンターが、あなたの意図を完璧に汲み取り、相手に最大限の敬意を払いながら、強固な信頼関係を築くための最適な言葉を選んでくれるようなものです。,Step1：日本語の「意図」と「文脈」を明確にAIに伝える,日本語で作成したメール文をAIに提供し、「これを、ネイティブがビジネスで使う、自然でプロフェッショナルな英語に翻訳してください」と依頼します。その際、「相手は長年の取引先で、今回は少し難しいお願いをする状況です」のように、ビジネスの文脈や相手との関係性も具体的に伝えます。,Step2：AIに「文化的なニュアンス」の調整を依頼する,「アメリカのビジネス文化を考慮し、よりポジティブで、かつ丁寧な印象を与える表現があれば提案してください」と、文化的な側面の調整を追加で指示します。AIは「この表現は少し直接的すぎるかもしれません。よりソフトな印象を与える代替表現として、こちらはいかがでしょうか？」といった、高度なアドバイスを提供してくれます。,Step3：AIが提案した表現の「理由」を学び、自身のスキルを向上させる,AIが生成した英文と共に、「なぜその表現を選んだのですか？」と由を尋ねます。「アメリカのビジネスシーンでは、依頼をする際に『I was wondering if you could...』という表現を使うと、非常に丁寧な印象を与えます」といった解説を読むことで、単なる翻訳作業に留まらず、あなた自身のビジネス英語のセンスを磨いていくことができます。,言葉の壁を意識することなく、海外のビジネスパートナーとスムーズで建設的な意思疎通が可能になります。プロフェッショナルで洗練された英語を使うことで、相手からの信頼を確実に獲得できます。異文化理解力が深まり、グローバルなビジネスパーソンとしての市場価値が向上します。
30_intermediate_motivation-coach.json,中級,中級,AIを「褒めて伸ばす専属コーチ」に任命し、独学のモチベーションを科学的に維持する術,独学の孤独さに耐えられず、誰からも進捗を認められないことでモチベーションが続かない方,独学は孤独な戦いであり、日々の小さな努力や進歩を誰にも褒めてもらえないため、モチベーションが続かず、途中で学習を断念してしまう、という課題を解決します。,【従来の独学法】一人で黙々と学習を続ける。→ 誰からもフィードバックがない。→ 自分の成長を実感できない。→ 次第に孤独感と停滞感に苛まれる。→ モチベーションが低下し、学習をやめてしまう。,【超AI独学法】AIを「ポジティブ心理学に基づき、人のやる気を引き出すプロのコーチ」と定義。→ 日々の学習記録を報告する。→ AIが「昨日より3ページも多く進みましたね！素晴らしい継続力です！」と、具体的な行動を承認し、褒めてくれる。→ ポジティブなフィードバックループが形成され、学習が楽しくなる。,独学における最大の敵は「孤独」です。AIを、人のやる気を引き出す天才的なコーチとして活用することで、あなたの日々の小さな進歩を見逃さず、具体的に承認し、褒めてもらうことができます。これは、まるで優秀なパーソナルトレーナーが、あなたの努力のプロセスを全て認め、共に喜び、明日への活力を与えてくれるようなものです。AIによるポジティブなフィードバックは、孤独な学習の道のりを支える、強力な精神的支柱となります。,Step1：AIに「専属コーチ」としての役割を具体的に与える,「あなたは今日から私の専属学習コーチです。ポジティブ心理学の知見を活かし、私の自己肯定感を高め、学習意欲を引き出すことをミッションとします。私の小さな進歩を見つけて、毎日具体的に褒めてください」と、AIに明確な役割を与えます。,Step2：日々の「行動事実」を具体的に報告する,毎日の学習終了後、AIにその日の学習内容を具体的に報告します。「今日はプログラミングの教科書を15ページ読み、サンプルコードを3つ実際に書いて動かしてみました」のように、結果だけでなく、具体的な「行動」を伝えることが重要です。,Step3：AIからの「承認の言葉」を受け取り、自己肯定感を高める,AIは「15ページも読み進めたのですね！素晴らしい集中力です。特に、学んだことをすぐに実践に移す行動力は、知識の定着に非常に効果的です。明日もこの調子で頑張りましょう！」と、結果だけでなく、学習に取り組んだ「姿勢」や「プロセス」を承認し、前向きな励ましで締めくくってくれます。,外部からの具体的な承認によって、孤独な学習を乗り越えるための精神的な支えが得られます。学習が「やるべきこと（Have to）」から「褒めてもらえる楽しいこと（Want to）」に変わり、内発的なモチベーションが高まります。褒められる体験を通じて「自分はやればできる」という自己効力感が育まれ、学習の継続率が飛躍的に向上します。
31_beginner_digital-certificate.json,中級,中級,AIに「デジタル表彰状」を自動発行させ、日々の小さな達成感を最大化する術,大きな目標までの道のりが長く、日々の小さな努力が報われない感覚に陥りがちな方、ゲーミフィケーション要素を取り入れて学習を楽しみたい方,大きな目標を達成するまでの道のりは長く、日々の小さな努力は誰にも気づかれず、認められず、やがて「何のために頑張っているんだろう」と虚しくなってしまう、という課題を解決します。,【従来の独学法】毎日コツコツと小さな努力を積み重ねる。→ しかし、誰からも承認されない。→ 努力が報われていない感覚に陥る。→ 次第に虚しさが募り、モチベーションが低下していく。,【超AI独学法】「参考書の第1章を完了！」とAIに報告。→ AIが「素晴らしい快挙です！ここにあなたの偉大な一歩を称え、デジタル表彰状を授与します！」と、ユーモアと情熱を込めて祝福してくれる。→ 達成感が最大化され、学習が楽しいイベントに変わる。,大きな成果とは、日々の小さな努力の結晶です。AIをあなた専用の応援団長として活用することで、どんなに小さな成功も見逃さず、盛大に祝福し、その価値を最大化することができます。これは、まるで最高のチアリーダーが、あなたの一歩一歩の努力を熱狂的に応援し、世界で最も価値あるものとして称えてくれるようなものです。AIによる祝福の儀式は、単調になりがちな独学の道のりを、喜びに満ちた特別なイベントへと変えてくれます。,Step1：AIに「応援団長」としての役割を任命する,「あなたは私の学習を熱狂的に応援してくれる応援団長です。私が小さな目標を達成したら、その努力を最大限に称え、ユモアあふれるデジタル表彰状を発行してください」と、AIに具体的な役割を与えます。,Step2：達成した「小さな目標」を具体的に報告する,「応援団長！本日、参考書の第1章を読破しました！」というように、どんなに小さな達成でも構わないので、AIに報告します。この報告自体が、自分自身の努力を意識する重要なステップとなります。,Step3：AIからの祝福と「デジタル表彰状」で達成感を味わう,AIは「素晴らしい！まさに知の冒険における輝かしい第一歩です！ここにその栄誉を称え、【第一章完全制覇】のデジタル表彰状を授与します！あなたは世界の宝です！」といった具合に、情熱的に祝福し、あなたの名前、達成目標、日付が記載されたユニークな表彰状をテキストで生成してくれます。,日々の小さな成功を祝う「儀式」を取り入れることで、達成感が何倍にも増幅され、学習のモチベーションが向上します。外部からの承認（たとえAIからであっても）が、自己肯定感を高め、次への挑戦意欲に繋がります。努力のプロセスそのものを楽しいイベントとして捉えられるようになり、学習が特別な体験として記憶に刻まれます。
32_intermediate_gamification-progress.json,中級,中級,AIを「ゲームマスター」とし、学習進捗のゲーミフィケーションでモチベーションをハックする術,学習の進捗が可視化されず、自分の成長を実感できない方、単調な学習に飽きてしまい、ゲームのような楽しさを取り入れたい方,学習の進捗が見えにくく、自分がどれだけ成長しているのか実感できない。まるで終わりのないマラソンを走っているような感覚に陥り、途中で疲弊してしまう、という課題を解決します。,【従来の独学法】毎日コツコツと学習を続ける。→ しかし、進捗が見えず、成長を実感できない。→ 終わりのないマラソンを走っているような感覚に陥る。→ モチベーションが低下し、途中で疲弊してしまう。,【超AI独学法】AIに「私の学習を管理するームマスターになって」と依頼。→ 日々の学習内容を報告する。→ AIが「経験値100を獲得！あなたは『Python使いLv.5』にレベルアップした！」とゲーム風のフィードバックを返す。→ 成長が可視化され、楽しみながら学習を継続できる。,学習の進捗が可視化されないと、努力が報われているのか分からず、モチベーションを維持するのは困難です。AIを優秀なゲームマスターとして活用することで、あなたの学習プロセスを、まるでロールプレイングゲーム（RPG）のような体験に変換できます。冒険者が経験値を積んでレベルアップしていくように、あなたの努力を数値化・可視化し、達成感と楽しさを演出し、単調な学習を夢中になれる冒険へと変えてくれるのです。,Step1：AIに「ゲームマスター」としての役割とルールを設定する,「あなたは私の学習進捗を管理するゲームマスターです。私の学習活動を経験値（XP）に変換し、レベルアップ制度を導入してください。読書30分で50XP、実践的な演習1回で100XPとします」と、具体的なルールを設定します。,Step2：日々の学習活動を報告し、「経験値」を獲得する,日々の学習終了後、AIにその日の活動を報告します。「マスター、今日は教科書を1時間読み、演習を2回クリアしました」と報告すると、AIは「素晴らしい！本日の活動で合計300XPを獲得しました！」とフィードバックを返します。,Step3：「レベルアップ」と「称号の獲得」で成長を実感する,経験値が一定値に達すると、AIが「おめでとうございます！累計XPが1000を超え、あなたは『Python使い Lv.10』にレベルアップしました！」と宣言してくれます。さらに、特定の目標（例：参考書を1冊読破）を達成すると、「速読の賢者」といった特別な「称号」を授与させるルールも加えると、よりゲーム性が高まります,退屈になりがちな学習が、夢中になれるゲームへと変わります。レベルアップや称号獲得といった内発的な報酬が、学習を継続するための強力な動機付けとなります。自分の努力の軌跡が経験値やレベルとして一目で分かるため、日々の成長を実感し、達成感を得ることができます。
33_intermediate_weekly-report.json,中級,中級,AIに「週間学習レポート」を自動生成させ、PDCAサイクルで学習を加速させる術,がむしゃらに学習するだけで「振り返り」の習慣がなく、同じ失敗を繰り返したり、非効率な学習を続けてしまったりしている方,ただがむしゃらに学習するだけで「振り返り」を行わないため、自分の学習法のどこに問題があるのか気づけず、成長が停滞してしまう。努力が成果に結びつかない、という課題を解決します。,【従来の独学法】ひたすら学習時間を投入する。→ しかし、振り返りを行わない。→ 同じような間違いを何度も繰り返す。→ 非効率な学習方法を延々と続けてしまう。→ 成長が頭打ちになり、努力が報われない感覚に陥る。,【超AI独学法】AIを「データ分析に強い学習コンサルタント」と定義。→ 毎週金曜の夜に、その週の学習記録を基にした自動レポートを作成させる。→ 「今週は合計10時間学習し、目標達成率は120%です。素晴らしいですね」といったサマリーと共に、「〇〇の分野の学習時間が短いようです」といった客観的な分析と改善提案を受け取る。→ データに基づいたPDCAサイクルを回し、学習を加速させる。,振り返りのない学習は、羅針盤のない航海のようなものです。AIを優秀なデータアナリストとして活用することで、あなたの学習記録という航海日誌を客観的に分析し、目的地（目標）へ最短ルートを示す「週間レポート」を自動で作成できます。これは、まるでプロの経営コンサルタントが、あなたの学習活動をデータに基づいて可視化し、さらなる成長への具体的な戦略を示してくれるようなものです。これにより、学習の質を勘や根性ではなく、データに基づいて螺旋状に向上させることがでます。,Step1：AIに「学習コンサルタント」として、定期レポート作成を予約する,「あなたは私の学習成果を最大化するデータ分析のプロです。毎週金曜日の夜に、私の学習記録を分析し、週間学習レポートを作成してください」と、AIに定期的なタスクを依頼します。日々の学習記録は、簡単な箇条書きでAIに共有しておきます。,Step2：AIが生成した客観的な「データ分析レポート」を受け取る,AIが「今週は合計10時間学習し、目標達成率は120%です。素晴らしい継続力です」といった定量的なサマリーを提示します。さらに、「学習内容のバランスを見ると、〇〇の分野に費やした時間が全体の10%に留まっています。目標達成のためには、この分野の比率を上げる必要があります」といった、データに基づいた客観的な分析を提供します。,Step3：レポートの「改善提案」を基に、次のアクションプランを立てる,レポートには「良かった点（Keep）」「課題点（Problem）」「次週への改善提案（Try）」といった、実践的なPDCAのフレームワークが含まれています。「来週は、〇〇の分野の学習時間を2時間増やし、代わりに△△の時間を1時間減らすことを提案します」といった具体的なアクションプランに基づき、次週の学習計画を改善します。,「計画・実行・評価・改善」のPDCAサイクルを回すことで、学習の質が螺旋状に向上します。自分の努力を客観的なデータで振り返ることで、感情論ではない、的確な自己評価と改善が可能になります。毎週の小さな改善の積み重ねが、1年後にはとてつもなく大きな成長へと繋がります。
34_advanced_learning-community.json,中級,中級,AIを「コミュニティマネージャー」とし、同じ目標を持つ仲間とオンラインで繋がり、共に成長する術,独学の孤独さに耐えられず、不明点を誰にも聞けずに学習が停滞しがちな方、一人ではモチベーションを維持するのが難しく、切磋琢磨できる仲間が欲しい方,独学は孤独な戦いであり、分からないことがあっても誰にも質問できず、一人ではモチベーションを維持するのが難しい。結果として学習が非効率になり、挫折しやすい、という課題を解決します。,【従来の独学法】一人で黙々と学習する。→ 分からない問題にぶつかり、何時間もむ。→ 誰にも相談できず、孤独感が募る。→ モチベーションが低下し、学習効率が悪化。→ 最終的に挫折してしまう。,【超AI独学法】AIに「私と同じ目標を持つ仲間をSNSで見つけて」と依頼。→ AIが同じ志を持つ学習者をリストアップ。→ AIに「学習効果が最大化するコミュニティのルールを設計して」と依頼し、オンラインコミュニティを立ち上げる。→ 週一の進捗報告会や勉強会で、仲間と切磋琢磨し、加速度的に成長する。,独学における最大の障害は「孤独」です。AIを優秀なコミュニティマネージャーとして活用することで、あなたと同じ目標を持つ仲間をオンラインで見つけ出し、共に学び、成長する「場」を創り出すことができます。これは、まるで優れたファシリテーターが、価値観の合う人々を繋げ、互いに高め合える最高の環境をデザインしてくれるようなものです。AIの力を借りて、孤独な学習を、刺激的で協働的な冒険へと変えることができるのです。,Step1：AIに「仲間探し」を依頼し、コミュニティの母体を形成する,「あなたは優秀なリサーチャーです。私と同じく『AIを活用して〇〇の課題を解決する』という目標を掲げている学習者を、X（旧Twitter）やLinkedInから5人見つけて、リストアップしてください」と依頼します。AIは、プロフィールや投稿内容から、同じ志を持つ候補者を探し出してくれます。,Step2：AIに「コミュニティの設計図」を作成させる,仲間が見つかったら、AIに学習効果を最大化するためのコミュニティのルールや活動内容を提案させます。「あなたは経験豊富なコミュニティマネージャーです。私たちが互いに高め合える、最高の学習コミュニティのグランドルールと、最初の1ヶ月の活動計画を提案してください」と依頼します。AIは「週一回のオンライン進捗報告会」「月一回のテー別勉強会」「Slackでの日々の質疑応答」など、具体的な運営方法を設計してくれます。,Step3：AIをファシリテーターとして活用し、仲間と切磋琢磨する,コミュニティ内で、互いの進捗を報告し合い、分からないことを教え合います。AIには、勉強会のテーマに関する論点を提供させたり、議論が停滞した際に新たな視点を投入させたりと、ファシリテーターとしての役割も担ってもらいます。仲間と励まし合うことで、学習効果もモチベーションも飛躍的に向上します。,同じ目標を持つ仲間と繋がることで孤独感が解消され、楽しく学習を継続できます。互いに教え合う「ピアラーニング」により、一人で学ぶよりも深い理解と知識の定着が実現します。学習を通じて、将来のビジネスパートナーとなりうる、貴重な人的ネットワークを築くことができます。
35_intermediate_concept-map.json,中級上,中級(上),AIに複雑な問題の「コンセプトマップ」を作成させ、思考の全体像を俯瞰する術,新規事業や複雑なプロジェクトの全体像が掴めず、思考が堂々巡りしてしまう企画職、プロジェクトマネージャー、経営者,新規事業や複雑なプロジェクトを前に、考慮すべき要素が多すぎて思考が混乱し、関係者と議論しても話が噛み合わず、プロジェクトの全体像が共有できない、という課題を解決します。,【従来の独学法】新規事業計画を立案 → 様々な要素（市場、競合、技術、収益…）が頭の中で絡まり合い、思考が混乱 → ホワイトボードに付箋を貼って整理しようとするが、複雑な関係性を描ききれず、思考停止に陥る。,【超AI独学法】AIに「この新規事業のアイデアに関するブレストメモです。これを基に、中心概念から各要素が放射状に広がるコンセプトマップを作成してください」と依頼 → 断片的なキーワード群をAIが瞬時に構造化 → 中心に事業名、そこから市場・競合・技術・収益モデルといった主要ノードが伸び、関連要素が線で結ばれた「思考の地図」が完成する。,複雑な問題を前にした時、私たちの脳内では、様々な情報が無秩序に浮遊しています。この課題の根本は、各要素間の複雑な「関係性」を、二次元の思考（テキストや箇条書き）だけで捉えようとする点にあります。AIは、人間から与えられた断片的な情報群から、全体の構造と各要素間の関連性を瞬時に把握し、それをコンセプトマップとして視覚化する能力に長けています。これは、まるで頭の中に散ばった無数の星々を、AIが意味のある星座として結びつけ、宇宙の全体像を示してくれるようなものです。この「思考の地図」をにすることで、私たちは複雑な問題の構造を直感的に理解し、本質的な議論を始めることができます。,Step1：中心テーマと、関連する断片的な情報をAIにインプットする,コンセプトマップの中心に置きたいテーマ（例：新規AI研修事業）を決め、関連する情報（ブレインストーミングのメモ、会議の議事録、思いついたキーワードなど）を、構造化せず、箇条書きのままAIに提供します。「市場分析」「競合調査」「技術選定」「収益モデル」といった断片的な情報で構いません。,Step2：AIに「図解コンサルタント」の役割を与え、マップの生成を指示する,「あなたは複雑な概念を整理し、可視化するのが得意な図解コンサルタントです。私が提供した断片的な情報ら、各要素の関係性が明確にわかるコンセプトマップを作成してください」と依頼します。その際、「Mermaid記法」や「PlantUML」といったテキストベースの図解形式を指定すると、後から自分で編集しやすくなり便利です。,Step3：生成された「思考の地図」を俯瞰し、新たな洞察を得る,AIが作成したコンセプトマップをチームで俯瞰すると、これまで見落としていた要素間の重要な関係性（例：「技術選定」と「プロモーション戦略」の間の強い連携）や、構造的な問題点（例：「収益モデル」と「ターゲット市場」の間の論理的な矛盾）が視覚的に浮かび上がってきます。この地図を基に、「この航路は本当に正しいか？」といった、より本質的で建設的な議論を進めることができます。,複雑な問題の全体像と構造が一目でわかるようになり、思考のボトルネックや論理の飛躍を容易に特定できます。要素間の新たな関係性の発見が、革新的なアイデアや戦略の着火剤となります。一枚の「思考の地図」を共有することで、チーム全員が同じ全体像を脳内に描きながら、生産的な議論ができるようになります。
36_tatsuya_intermediate_gemini-deep-research.json,中級上,中級,GeminiのDeep Research機能を活用し、特定テーマを網羅的に深掘りする術,新しい事業や企画のためにリサーチを行う際、表面的な情報だけでなく、テーマの全体像を体系的に理解したいが、深い調査に膨大な時間がかかってしまう方,新しい事業や企画のためにリサーチを行う際、表面的な情報だけでなく、そのテーマの全体像、歴史的背景、主要な論点、将来の展望まで、網羅的かつ体系的に理解したいが、そのような深い調査には膨大な時間がかかる、という課題を解決します。,【従来の独学法】Google検索で上位表示される記事から読んでいく。関連リンクを次々とクリックし、気づけば何十ものタブが開いている。しかし、情報が断片的で、全体像や論点の構造が掴めないまま時間だけが過ぎいく。,【超AI独学法】Gemini AdvancedのDeep Research機能（あるいはそれに類する高度な調査プロンプト）を使い、「『合成燃料（E-fuel）の将来性』についてディープリサーチを実行してください。市場規模、主要プレイヤー、技術的課題、倫理的論点、今後の展望といった観点から、構造化されたレポートを作成して」と指示。→ Geminiが自律的に多角的な調査を行い、数分で体系的な調査レポートの骨子を生成する。,優れた意思決定は、情報の「深さ」と「網羅性」に支えられています。この課題の根本は、私たち人間が手作業でWeb情報を探索する際、どうしても情報の海に溺れてしまい、木を見て森を見ずの状態に陥りがちな点にあります。GeminiのDeep Researchのような高度な調査機能は、単一のプロンプトから、AIが自律的に複数のサブクエリを生成し、多角的な側面から情報を収集・分析・統合するものです。あたかも優秀なリサーチチーにを数分間雇うかのように、AIがあなたのために体系的な知識構造を構築してくれます。,Step1：深掘りしたい「中心テーマ」を明確に設定する,まず、調査の中心となるテーマを明確に設定します。例：「日本の人事制度におけるジョブ型雇用の普及」「量子コンピュータが金融業界に与える影響」「Z世代の消費行動の変化」,Step2：AIに複数の「調査の観点」を与え、深掘りを指示する,テーマと共に、どのような切り口で調査してほしいか、複数の観点をAIに与えます。これにより、調査の方向性が定まり、アウトプットが構造化されます。「『日本の人事制度におけるジョブ型雇用の普及』について、①歴史的背景、②メリットとデメリット、③主要な導入企業の事例、④今後の課題、⑤専門家の意見、の5つの観点から詳細なレポートを作成してください。」,Step3：AIレポートを基、特定の論点をさらに深掘りする,AIが生成した構造化レポートを読み、全体像を把握します。その上で、特に興味を持った部分や、さらに知りたい論点について、対話的に深掘りします。「レポート内の『今後の課題』で触れられている『評価制度の再設計』について、具体的な解決策のアイデアを3つ提案してください」と、次の思考へと繋げましょう。,リサーチの質とスピードが劇的に向上し、短時間で特定のテーマの専門家レベルの知識構造をインプットできます。断片的な知識ではなく、体系的な理解に基づいた、より質の高い戦略立案や意思決定が可能になります。
37_advanced_fact-opinion-separation.json,中級上,中級(上),AIに複数ニュースを比較分析させ、情報の「ファクトとオピニオン」を分離・構造化する術,情報過多の時代において、感情的な論調や意図的な情報操作に惑わされず、客観的な事実に基づいた的確な意思決定を行いたい経営者、投資家、リサーチャー,同じ事象について報じているニュースでも、メディアによって論調や評価が全く異なり、何が客観的な「事実」で、何が書き手の「意見」なのかを見極めるのが難しい、という課題を解決します。,【従来の独学法】ある新サービスに関する記事を読む。→ A社は「革命的だ」と絶賛。→ B社は「期待外れだ」と酷評。→ どちらの情報を信じれば良いか分からず、混乱する。→ 情報に振り回され、判断を誤るリスクが高まる。,【超AI独学法】立場の異なる複数記事のURLをAIに提示。→ 「これらの記事から、客観的な『事実』と、各メディアの『意見（論調）』を完全に分離し、構造化して提示してください」と指示。→ AIが各記事を比較分析し、「確定ファクトリスト」「各社のオピニオン分析」「潜在的なバイアスの指摘」をレポート化。→ 情報の偏りを冷静に把握し、的確な判断を下す。,現代の情報環境において、純粋な「事実」と、書き手の意図や感情が反映された「意見」は巧妙に混ぜ合わされています。AIを、いかなるプロパガンダにも影響されない冷静なファクトチェッカーとして活用することで、この2つを機械的に分離させることが可能です。これにより、私たちは感情的な論調や特定の立場からの誘導に惑わされることなく、確かな事実に基づいた、質の高い意思決定を行うことができます。これは、まるで優秀なインテリジェンス・オフィサーが、あなたのめに錯綜する情報の中から真実だけを抽出してくれるようなものです。,Step1：分析対象となる、立場の異なる複数の情報ソースを収集する,同じ事象について報じている複数の記事（最低3つ以上）を収集します。肯定的な論調のメディア、否定的な論調のメディア、中立的な専門誌、個人のブログなど、意図的に立場の異なるソースを選ぶことで、分析の精度が高まります。各記事のURLやテキストを準備します。,Step2：AIに「ファクチェッカー」としての役割を与え、多角的な分析を依頼する,「あなたは真実を追求する独立系ジャーナリストです」という役割を与え、「①確定ファクトリスト（全記事で共通して述べられている客観的事実）、②各社のオピニオン分析（事実に対する評価や解釈）、③潜在的なバイアス指摘（各社の立場や広告主との関係性など）、④結論（これらの情報から、現時点で確実に言えること）」の4つの観点で、構造化された分析レポートの作成を依頼します。,Step3：AIの分析レポートを基に、自分自身の「判断」を形成する,AIが「サービス名、料金、主要機能は確定ファクト」「『革命的』か『期待外れ』かは各社の意見・評価」と整理したレポートを基に、自社の戦略にとって本当に重要な要素は何かを冷静に判断します。事実と意見を分離することで、感情に流されない、あなた自身の合理的な意思決定が可能になります。,フェイクニュースや偏向報道に惑わされることなく、物事の真実を見抜く高度な情報リテラシーが身につきます。感情的な意見に流されず、客観的な事実に基づいた的確で後悔のない意思決定ができます。複雑で矛盾した情報に直面しても、冷静さを失わない知的タフネスが養われます。
38_tatsuya_intermediate_chain-of-thought.json,中級上,中級,AIに「思考の連鎖（Chain of Thought）」を使わせ、回答の精度を劇的に上げる術,AIに質問しても、表面的で一般的な回答しか返ってこず、もっと深い洞察や具体的なアイデアが欲しいと感じている方,AIに質問をしても、当たり障りのない一般的な回答しか返ってこない。もっと深く、鋭い分析や具体的なアイデアを引き出したいが、どう指示すれば良いか分からない、という課題を解決します。,【従来の独学法】「新商品のキャッチコピーを考えて」とAIに指示する。→ AIが「心ときめく、最高の逸品」のような、ありきたりで具体性のないキャッチコピーを複数提案する。→ 結局、自分の頭で考え直すことになる。,【超AI独学法】AIに「新商品のキャッチコピーを、思考の連鎖（Chain of Thought）を用いて考えてください。まずターゲット顧客を定義し、次にその顧客の悩みを分析し、最後にその悩みを解決する言葉を選び出す、というステップで思考プロセスを記述してください」と指示。→ AIが思考の過程を一つずつ言語化しながら、論理的で説得力のあるキャッチコピーを導き出す。,AIから質の高い回答を引き出す秘訣は、AIに「考えさせる」プロセスそのものを指示することにあります。この課題の根本は、私たちがAIに「答え」だけを求めてしまい、そこに至る「思考のプロセス」を軽視している点にあります。「思考の連鎖（Chain of Thought）」プロンプティングとは、AIに最終的な回答だけでなく、その回答に至るまでの論理的なステップを一つずつ説明させる手法です。これにより、AIはより深く、慎重に思考するようになり、回答の質が飛躍的に向上します。まるで優秀なコンサルタントに思考の過程を説明させるように、AIの思考を透明化させ、より信頼性の高い答えを得ることができます。,Step1：AIに「思考の連鎖」を明確に指示する,プロンプトの最後に、魔法の言葉「ステップバイステップで考えてください（Let's think step by step）」または「思考の連鎖を用いて、思考プロセスを記述しながら回答してください」と付け加えます。これがAIに深い思考を促すスイッチになります。,Step2：AIに解いてほしい「思考のプロセス」の型を与える,より高度な使い方として、どのような思考プロセスを辿ってほしいかを具体的に指示します。「まず現状の問題点を分析し、次にその原因を特定し、最後に具体的な解決策を3つ提案する、という手順で考えてください」のように、思考の「型」をあらかじめ指定します。,Step3：AIの思考プロセスをレビューし、対話でさらに深掘りする,AIが示し思考プロセスを読むことで、「なぜこの結論に至ったのか」が明確にわかります。もし途中の論理に違和感があれば、「ステップ2の『原因の特定』について、他の可能性は考えられませんか？」と質問することで、AIとの対話を通じて、さらに思考を深めることができます。,AIの回答の質が劇的に向上し、表層的ではない、深い洞察に基づいたアウトプットが得られます。AIの思考プロセスが透明化されるため、回答の信頼性を検証しやすくなります。論理的な思考の組み立て方をAIから学ぶことができ、私たち自身の思考力も向上します。
39_tatsuya_beginner_devils-advocate.json,中級上,初級,AIを「悪魔の代弁者」として指名し、自身の企画の弱点を徹底的に洗い出させる術,自分の企画やアイデアに自信はあるが、思い込みや希望的観測で弱点を見過ごしてしまいがちな方,自分の企画やアイデアに自信はあるが、思い込みや希望的観測で弱点を見過ごしてしまい、後から問題が発覚することがある。客観的な視点でリスクを洗い出せない、という課題を解決します。,【従来の独学法】同僚や部下にレビューを依頼するが、人間関係に配慮して厳しい指摘をしづらい。その結果、当たり障りのないフィードバックしか得られず、根本的な弱点が見過ごされがち。,【超AI独学法】AIに「あなたは非常に懐疑的で、あらゆる企画の欠点を見つけ出すのが得意なリスクコサルタントです。これから私の企画を説明するので、考えうる全ての弱点、リスク、反論を厳しく指摘してください」と役割を与える。→ AIが忖度なく、客観的な視点から企画の穴を徹底的にリストアップする。,優れた企画は、厳しい批判に耐えうる強度を持っています。この課題の根本は、人間関係のなかでは「遠慮」や「忖度」が働き、本質的な弱点を指摘し合うことが難しいという点にあります。AIには感情も人間関係もないため、冷徹なまでに客観的かつ論理的な批評家になることができます。「悪魔の代弁者」という役割をAIに与えることで、自分では気づけなかった論理の飛躍、想定の甘さ、リソース不足といった潜在的なリスクを、遠慮なく指摘させることが可能です。これにより、企画の堅牢性を大幅に高めることができます。,Step1：AIに「悪魔の代弁者」の役割を明確に与える,まず、AIに批判的なペルナを具体的に設定します。「あなたは百戦錬磨の投資家です。私のビジネスプランを聞いて、絶対に投資できない理由を挙げてください」「あなたは経験豊富なクレーム対応の専門家です。この新サービスが引き起こしうる顧客からの苦情を予測してください。」とお願いしてみましょう。,Step2：レビューしてほしい企画やアイデアを具体的に説明する,役割を与えたAIに対し、検討中の企画やアイデアをできるだけ具体的に説明します。背景、目的、ターゲット、具体的な施策、期待される効果などを伝えることで、AIの指摘も的確になります。,Step3：AIの指摘を深掘りし、リスク対策まで繋げる,AIがリストアップした弱点やリスクに対して、さらに質問を重ねて深掘りします。「あなたが指摘した『競合の参入リスク』について、その具体的なシナリオを3つ考えてください」「そのリスクを軽減すための対策案を、逆に提案してください」と対話することで、単なる弱点の発見から、具体的なリスク対策の立案へと繋げます。,企画の実行前に弱点やリスクを網羅的に洗い出すことができ、手戻りや失敗を未然に防ぎます。自分の思考の癖や盲点を客観的に認識できるようになり、ロジカルシンキング能力が向上します。
40_advanced_devil-advocate.json,中級上,中級(上),AIを意図的に「悪魔の代弁者」とし、思考の死角を炙り出す術,自身の企画やアイデアの弱点を客観的に評価し、ロジックを強化したいビジネスパーソン全般,自分の企画やアイデアに自信がある一方、無意識の思い込みや希望的観測によって、致命的な弱点やリスクを見過ごしてしまい、後から大きな手戻りが発生する、という課題を解決します。,【従来の独学法】同僚や部下に企画のレビューを依頼する。→ しかし、人間関係への配慮から、本質的で厳しい指摘はなされにくい。→ 結果、当たり障りのないフィードバックしか得られず、根本的な弱点が見過ごされる。,【超AI独学法】AIに「あなたは極めて優秀だが、非常に懐疑的なリスクコンサルタントだ。私の企画の欠点を、あらゆる角度から、忖度なく徹底的に指摘してほしい」と役割を与える。→ AIが感情や人間関係を一切排除し、純粋に論理的な視点から、企画の穴や想定の甘さをリストアップする。,優れたアイデアとは、厳しい批判に耐えうる強度を持つものです。しかし、人間関係の中では「遠慮」や「忖度」が働き、本質的な弱点を突き合うことは極めて困難です。AIには感情も利害関係もないため、あなたのアイデアに対して、冷徹なまでに客観的かつ論理的な批評家になることができます。「悪魔の代弁者」という役割をAIに意図的に与えることで、自分一人では決して気づけなかった思考の死角（ブラインドスポット）を炙り出し、企画の堅牢性を飛躍的に高めることができるのです。,Step1：AIに「批判的な専門家」というペルソナを具体的に設定する,まず、AIに批判的な役割を明確に与えます。「あなたは数々のスタートアップの失敗を見てきた、百戦錬磨のベンチャーキャピタリストです。私のビジネスプランを聞いて、絶対に投資できない理由を、辛辣に挙げてください」「あなたは経験豊富なクレーム対応の専門家です。この新サービスが引き起こしうる、最悪の顧客トラブルを3つ予測してください」のように、具体的で専門的な役割を設定します。,Step2：レビューしてほしい企画やアイデアの「思考の前提」まで含めて説明する,役割を与えたAIに対し、検討中の企画やアイデアを具体的に説明します。その際、単に企画内容だけでなく、「なぜこのターゲット顧客が最適だと考えたのか」「なぜこの収益モデルが機能すると判断したのか」といった、自分自身の「思考の前提」や「仮説」までめて伝えることで、AIはより本質的な論理の矛盾を指摘しやすくなります。,Step3：AIの指摘を「対話の出発点」とし、思考をさらに深掘りする,AIがリストアップした弱点やリスクに対して、思考を停止せず、さらに質問を重ねて深掘りします。「あなたが指摘した『競合の参入リスク』について、その具体的なシナリオを3つ、蓋然性の高い順に考えてください」「そのリスクをヘッジするための対策案を、逆にあなたから3つ提案してください」と対話することで、単なる弱点の発見から、具体的な戦略の構築へと繋げます。,企画の実行前に、思考の死角となっていた弱点やリスクを網羅的に洗い出すことができ、失敗の確率を大幅に低減させます。自分の思考のクセや無意識のバイアスを客観的に認識できるようになり、ロジカルシンキング能力が向上します。あらゆる物事を多角的・批判的に捉える、健全な懐疑主義が身つきます。
41_intermediate_business-plan-validation.json,中級上,中級(上),AIを「伝説の投資家」とし、事業アイデアを事業計画レベルまで昇華させる術,温めている事業アイデアを実現可能な計画に落とし込めずにいる起業家、新規事業担当者,新しい事業のアイデアを思いついても、それを具体的な事業計画に落とし込むプロセスが分からず、頭の中の「妄想」だけで終わってしまう、という課題を解決します。,【従来の独学法】「このアイデア、絶対に成功するはずだ…」と情熱を燃やす。→ しかし、収益モデルは？ターゲット市場の規模は？競合との差別化は？→ 考えるべきことの多さに圧倒され、思考が停止。→ 結局、最初の一歩を踏み出せないまま、アイデアは風化していく。,【超AI独学法】AIに「あなたは孫正義氏のような、数々の成功を収めてきた伝説のベンチャーキャピタリストです」と役割を与える。→ 温めてきた事業アイデアを情熱的にプレゼンする。→ AIが厳しい投資家目線で、アイデアの穴やリスクを徹底的に分析し、鋭い質問を投げかけてくる。→ この壁打ちを通じて、アイデアが磨かれ、実現可能性の高い事業計画へと進化していく。,優れたアイデアを、単なる思いつきから「事業」へと昇華させるためには、客観的かつ厳しい視点での検証が不可欠です。AIを、孫正義氏のような伝説的な投資家として活用することで、あなたのアイデアに含まれる希望的観測や考慮不足を、容赦なく指摘させることができます。これは、まるで経験豊富なメンターが、数多のスタートアップの成功と失敗を熟知した上で、あなたのアイデアを徹底的にストレステストし、実現可能性の高い強固な事業計画へと磨き上げる手助けをしてくれるようなものです。,Step1：AIに「伝説の投資家」のペルソナを憑依させる,「あなたは孫正義氏のような、未来を見通す洞察力と、事業の核心を突く鋭い質問で知られる伝説の投資家です」と、AIに具体的な役割を与えます。そして、あなたの事業アイデアを、資金調達のプレゼンテーションのように情熱を込めて説明します。この時点では、まとまっていなくても構いません。,Step2：AI投資家からの「厳しい質問攻め」に耐え、思考を深める,AIは「このアイデアに100億円を投資する価値があるか、YES/NOで答えます。その上で、あなたのアイデアの穴、ロジックの矛盾、考慮不足のリスクについて、30個の鋭い質問を投げかけます」といった形で、厳しい壁打ち相手となります。このプロセスを通じて、アイデアは劇的に洗練されていきます。,Step3：AIに「事業計画書のフレームワーク」を提示させる,壁打ちを通て磨かれたアイデアを、本格的な事業計画書に落とし込むため、「投資家が最も重視する項目を網羅した、完璧な事業計画書の目次構成を提示してください」と依頼します。AIは、市場規模、競合分析、収益計画、マーケティング戦略など、必須項目を網羅したフレームワークと、各項目で記述すべき内容のポイントを提示してくれます。,専門家との厳しい壁打ちを通じて、単なるアイデアが、客観的で実行可能な「事業計画」へと進化します。事業計画に必要な要素を体系的に学ぶことで、ビジネス全体を俯瞰する経営者の視点が身につきます。「自分にも事業が作れるかもしれない」という自己効力感が高まり、起業や新規事業への具体的な一歩を踏み出す勇気が得られます。
42_advanced_analyze-thinking-bias.json,中級上,中級(上),AIに過去の自分の文章を分析させ、無意識の「思考のクセ」をハックする術,重要な意思決定を行う際に、自身の客観性に不安を感じる経営者、マネージャー、コンサルタントなど、より高度な自己認識を求める方,自分では柔軟に考えているつもりでも、無意識のうちに過去の成功体験や思考パターンに囚われ、いつも同じような結論に至ってしまう。この「思考のクセ」を自覚し、乗り越えたい、という課題を解決します。,【従来の独学法】新しい企画を立案する。→ 過去の成功体験に無意識に引きずられる。→ 自分では論理的かつ観的に考えているつもり。→ しかし、第三者から見ると「また同じパターンだ」と指摘される。→ 自身の思考のクセに気づけないまま、成長が停滞する。,【超AI独学法】過去に作成した企画書やレポート10個をAIに読み込ませる。→ 「私の思考のクセや、陥りがちな認知バイアスを、行動経済学の観点から分析・指摘してください」と依頼。→ AIが認知科学者として冷徹に分析し、「確証バイアス」「権威への服従」「利用可能性ヒューリスティック」といった思考の歪みを、具体的な証拠と共に指摘する。,私たちは誰しも、長年の経験や環境によって形成された、独自の「思考のOS」を持っています。しかし、自分自身でこのOSのバグやクセに気づくことは極めて困難です。AIは、感情や先入観を持たない客観的な観察者として、私たちが過去に作成した文章（思考の軌跡）からそのパターンを分析し、認知科学のフレームワークに基づいて、私たちが陥りがちな「認知バイアス」を特定できます。これは、まるで優秀な認知科学者が、私たちの思考プロセスを解剖し、普段は決して見ることのできない思考の歪みを可視化してくれるようなものです。,Step1：分析材料となる、過去の「思考の軌跡（文章）」を準備する,ご自身が過去に作成した企画書、レポート、ブログ記事、日報など、思考が反映された文章を少なくとも5つ以上準備します。できるだけ異なる時期、異なるテーマのものを選ぶことで、より分析の精度が高まります。これらは、あなたの「思考のクセ」が記録された、貴重なデータとなります。,Step2：AIに「行動経済学者」の役割を与え、客観的な分析を依頼する,「あなたはノーベル賞を受賞した行動経済学者、ダニエル・カーネマンです。私が提供した文章群から、私の思考のクセや、陥りがちな認知バイアスを特し、具体的な事例と共に指摘してください」と依頼します。AIは「あなたは自身の仮説を支持するデータばかりを集め、それに反するデータを無視する『確証バイアス』の傾向が強いです。企画書Aのこの部分に、その兆候が見られます」といった、具体的な指摘を行います。,Step3：特定されたバイアスを克服するための「処方箋」をAIに提案させる,AIが指摘したバイアスごとに、それを克服するための具体的なトレーニング方法を提案させます。例えば、確証バイアスに対しては「企画立案時は、必ずその企画に反対する『悪魔の代弁者』の視点から、反論を3つ以上考えることをルールとする」といった、日々の業務に組み込める具体的なアクションプランを設計してもらいます。,自分では絶対に気づけない「思考のOS」レベルのバグを発見・修正でき、メタ認知能力（自身を客観視する能力）が飛躍的に向上します。自身思考のクセを理解した上で、より客観的で質の高い意思決定ができるようになります。「自分は常に正しいわけではない」と知ることで、他者の意見を素直に聞き入れられる知的謙虚さが身につきます。
43_advanced_voice-memo-research.json,中級上,中級(上),ひらめきを「音声メモ」するだけで、AIが自動でリサーチから企画骨子まで作成する術,移動中やシャワー中など、PCが使えない時に限って良いアイデアが浮かぶが、それを記録し、形にする前に忘れてしまう起業家、クリエイター、企画職,シャワー中などに降ってくる貴重なひらめきを、メモする前に忘れてしまう。断片的なキーワードをメモできても、後から見返すと、その時の熱量やアイデアの全体像が失われており、結局企画に繋がらない、という課題を解決します。,【従来の独学法】シャワー中に画期的なアイデアが浮かぶ！→ 急いでメモを取ろうとするが、断片的なキーワードしか残せない。→ 後からメモを見返しても、意味不明な単語の羅列に見える。→ あの時の熱量と興には完全に消失し、貴重なアイデアが無駄になる。,【超AI独学法】ひらめいた瞬間に、スマートフォンのAIアプリに音声で話しかける。→ 感情の赴くままに、アイデアを熱く語る。→ AIがその音声メモを自動で分析し、関連する市場データ、競合情報、技術的課題などをリサーチ。→ 数時間後、事業計画の骨子まで含んだレポートが届く。→ ひらめきが、具体的な企画へと自動的に成長している。,優れたアイデアは、最もリラックスしている瞬間に、予期せず訪れます。AIを「ひらめき培養機」としてシステム化することで、あなたの熱量あふれる音声メモをインプットとし、AIが自動的に関連情報をリサーチし、アイデアを具体的な企画へと育て上げるワークフローを構築できます。これは、まるであなたの脳に直結した、超優秀なインキュベーターチームを24時間雇うようなものです。アイデアを「思いつく」という人間ならではの創的な活動に集中し、その後の面倒なリサーチや構造化といった作業を、AIに完全に委任することができるのです。,Step1：ひらめきの「熱量」を、音声で即座にキャプチャする,"アイデアが降ってきた瞬間、スマートフォンのAIチャットアプリ（ChatGPT, Geminiなど）の音声入力機能を起動します。「すごいことを思いついた！プロンプトのマーケットプレイスだ！クリエイターが作った最高のプロンプトを売買できて、使った人はレビューを投稿できる。これは…！」のように、論理的な構造は一切気にせず、その時の感情や熱量をそのまま音声で記録します。",Step2：AIに「インキュベーター」の役割を与え、多角的な分析を自動実行させる,録音した音声をテキスト化し、あらかじめ設定しておいたプロンプトでAIに渡します。「あなたは私のひらめきを具体的な企画へと育てる、世界最高のインキュベータにです。この音声メモを基に、①アイデアの核心の言語化、②市場性と新規性の調査、③実現可能性の検証、④企画の骨子作成、⑤思考を深めるための問い、の5つの観点から、詳細なレポートを作成してください」と依頼します。,Step3：AIによって「成長したアイデア」を基に、次のアクションを決定する,数時間後、AIから届いたレポートには、想定される市場規模、主要な競合サービス、技術的な課題、そしてA4一枚程度の企画書骨子が、構造化されてまとめられています。さらに、「このサービスで、ユーザーが本当に解決したい、最も深い課題は何ですか？」といった、本質的な問いも提示されており、アイデアをさらに深化させるためのヒントが得られます。,思いついた瞬間のひらめきと、その熱量を決して逃さず、価値ある知的資産へと自動的に変換できます。アイデア創出から初期リサーチ、企画骨子作成までがームレスに繋がり、企画の初速が従来の10倍以上に向上します。面倒なリサーチや構造化の作業から解放され、人間ならではの、より創造的な活動に100%集中できます。
44_intermediate_metaphor-creation.json,中級上,中級(上),AIに「比喩の魔術師」を演じさせ、難解な概念を誰もが直感的に理解できる「たとえ話」に変換する術,自身の専門知識を、専門外の人に分かりやすく伝えることに困難を感じている技術者、研究者、コンサルタント、教育者,専門用語を多用してしまい、相手を困惑させてしまう。自分の深い知識や提案の正しさが、伝え方の問題で相手に全く伝わらない、という課題を解決します。,【従来の独学法】専門的な内容を説明する。→ つい、いつも通りの専門用語を並べてしまう。→ 相手の顔が「？」で満たされる。→ さらに詳しく説明しようとして、さらに専門用語を重ねてしまう。→ 相手は完全に思考を停止し、コミュニケーションが断絶する。,【超AI独学法】AIに「『API連携』の概念を、当社の営業部長（58歳、趣味はゴルフ）にも分かるように、ゴルフに例えて説明して」と依頼。→ AIが相手の世界観に合わせた比喩を瞬時に生成。→ 「API連携とは、クラブハウスとゴルフカートを繋ぐ、あの連絡通路のようなものです」といった説明で、相手が「なるほど！」と膝を打つ。→ 共通言語が生まれ、深い理解に繋がる。,専門用語という「言葉の壁」は、時として「人間関係の壁」にもなり得ます。AIを、天才的な翻訳家・比喩の魔術師として活用することで、どんなに複雑で難解な概念も、相手の世界観に合わせた巧みなたとえ話に変換できます。相手の趣味や日常の言葉の世界に翻訳することで、どんなに難しい内容でも直感的に理解してもらうことが可能になります。これは単なる説明テクニックではなく、相手の心に深く届き、信頼関係を築くための、高度なコミュニケーション戦略なのです。,Step1：説明したい「概念」と、説明する「相手」のペルソナを明確化する,説明したい専門用語（例：ブロックチェーン、量子コンピュータ、SaaS）と、説明する相手のペルソナ（例：65歳の文系経営者、ITアレルギーあり、趣味は歴史小説）を具体的に設定します。相手の背景情報をAIに詳しく伝えるほど、より的確で、心に響くたとえ話が生まれます。,Step2：AIに「比喩の魔術師」としての役割と、守るべきルールを与える,「あなたは複雑な物事を、誰もが瞬時に理解できる魔法のような『たとえ話』に変換する天才です」という役割を与えます。その上で、「①相手の世界観に合わせる、②専門用語は絶対に使わない、③聞き手の感情を動かすストーリー性を持たせる」というルールを設定し、相手が「面白い！」と感じるような説明を生成させます。,Step3：生成された「たとえ話」を実践で活用し、分自身の引き出しを増やす,AIが「ブロックチェーンとは、取引の記録が書かれたページを、前のページと鎖で固く結びつけながら追加していく、絶対に改ざんできない歴史書のようなものです」といったたとえ話を生成したら、実際の会話で使ってみます。相手の反応を見ながら、さらに改良を加えていくことで、あなた自身の「例える力」も飛躍的に向上します。,どんなに難解な内容でも、相手の心に届く「伝わる言葉」に変換でき、コミュニケーションの壁を破壊できます。「例える」という行為を通じて、あなた自身の概念への理解も飛躍的に深まります。相手に寄り添った説明は、論理的な理解を超えた、深い信頼関係の構築に繋がります。
45_intermediate_visualize-physics.json,中級上,中級(上),AIに物理や化学の複雑な現象を「インタラクティブな図解」で可視化させ、直感的に理解する術,抽象的な科学概念や、目に見えない世界の仕組みを、数式や文章だけでなく、視覚的に、直感的に理解したいと願う全ての学習者,相対性理論や量子力学といった、私たちの日常感覚とかけ離れた物理現象を、文章や数式だけで理解しようとしても、全くイメージが湧かず、挫折してしまう、という課題を解決します。,【従来の独学法】相対性理論に関する解説書を読む。→ 「光の速さに近づくと、時間の進み方が遅れる」という文章を読む。→ アインシュタインの有名な数式「E=mc²」を見る。→ 全く具体的なイメージができない。→ 頭の中が「？」でいっぱいになり、理解を諦める。,【超AI独学法】AIに「光速と時間の関係性について、Mermaid記法を用いて、ステップバイステップのアニメーション風図解を作成して」と依頼。→ AIが、地上の人と光速ロケットに乗る人の時計の進み方を比較する、インタラクティブな図解を生成。→ パラメータを動かしながら、時間の遅れを視覚的に体感する。→ 「なるほど、こういうことか！」と直感的な理解に至る。,目に見えない世界の複雑な法則を、言葉や数式だけで理解するのは非常に困難です。AIを、天才的な科学コミュニケーターとして活用することで、これらの抽象的な科学現象を、シンプルでインタラクティブな図解に変換させることが可能です。段階的な可視化により、まるでアインシュタインの思考実験を追体験するかのように、抽象的な概念が具体的なイメージとして脳に刻み込まれます。これは単なる暗記ではなく、現象の本質を視覚的に、そして直感的に理解する新しい時代の学習方法なのです。,Step1：可視化・図解したい科学概念を具体的に指定する,理解が難しいと感じる科学概念（例：ブラックホールの時空の歪み、DNAの二重らせん構造、量子の重ね合わせ状態）を選びます。日常感覚では理解しにくい、抽象度の高いテーマほど、図解化の効果は絶大です。「Mermaid記法」での出力を指定すると、後から自分で編集や再利用がしやすくなります。,Step2：AIに「図解イラストレーター」として、図解のルールを詳細に指示する,「あなたは複雑な科学現象を図解するイラストレーターです」と役割を設定し、「①段階的説明（ステップ・バイ・ステップでの表示）、②比喩の活用（電子を『走り回る子供』に例えるなど）、③専門用語を排した超シンプルな解説文、④要素間の関係性の可視化（矢印や線）」といった、図解のルールを具体的に指示します。,Step3：生成された図解を操作し、インタラクティブに理解を深める,AIが生成した図解を、ステップごとに順番に見ていきます。例えば相対性理論の図解なら、「静止時：地上の人とロケットの時計は同じ速さで進む」→「光速に近い速度で移動時：地上の時計が10分進む間に、ロケット内の時計は1分しか進まない」といった変化を視覚的に追うことで、言葉では伝わらない現象の本質が、直感的に理解できます。,抽象的で難解な科学概念を、視覚情報として瞬時に、かつ直感的に理解できます。文字や数式が苦手な人でも、知的好奇心の扉を開くことができます。複雑な情報をシンプルな図で表現する「図解思考」が身につき、あなた自身の説明能力も飛躍的に向上します。
46_tatsuya_advanced_notebooklm-knowledge-base.json,中級上,上級,NotebookLMで自分専用のナレッジベースを構築し、「第二の脳」として活用する術,汎用AIに機密情報や個人文書を読み込ませることに不安があり、安全な環境でAIを活用したいと考えている方,汎用AIに会社の機密情報や個人的な文書を読み込ませるのは、情報漏洩のリスクがあり不安。しかし、それらの情報を活用しなければ、AIから本質的なサポートは得られないというジレンマを解決します。,【従来の独学法】自分のPCのフォルダやEvernoteなどで情報を管理する。キーワード検索でファイルを見つけることはできるが、ファイルを開いて中身を読むまで、何が書かれているか分からない。情報がサイロ化し、横断的な活用ができない。,【超AI独学法】GoogleのNotebookLMに、これにでに手掛けたプロジェクトの企画書、議事録、報告書などを全てアップロードする。「過去のAプロジェクトとBプロジェクトの成功要因を比較分析し、今回のCプロジェクトに活かせる教訓を抽出して」と指示。→ NotebookLMが、アップロードされた自分の知識だけを基に、横断的な分析と洞察を提供する。,真に価値のある知識は、公開情報ではなく、組織や個人が持つ独自の非公開情報（暗黙知）にこそ宿ります。この課題の根本は、AIの強力な分析能力を、セキュリティの懸念から、最も価値のある情報資産に適用できていない点にあります。NotebookLMは、アップロードされた資料が外部のAIモデルの学習に使われることはないと明言しており、安全な環境でパーソナルな知識データベースを構築できます。過去の成功体験や失敗談、個人のメモといった「私たちだけのデータ」をAIと対話させることで、汎用AIでは決して得られない、極めてパーソナルで価値の高い洞察を引き出す「第二の脳」を手に入れることができます。,Step1：テーマごとに「ノートブック」を作り、関連資料を集約する,"まず、NotebookLMでテーマごとにノートブックを分けます。例：「A社プロジェクト」「マーケティング戦略」「キャリアメモ」。そして、それぞれのテーマに関連する資料（PDF, Google Docs, テキストファイルなど）を全てアップロードしましょう。資料が多ければ多いほど、AIの回答精度は高まります。",Step2：「ノートガイド」で、AIが知識をどう理解したか確認する,資料をアップロードすると、NotebookLMは自動的に内容を解析し、「よくある質問」「タイムライン」「主要トピックの要約」などをまとめた「ノートガイド」を生成します。まずはこれを読み、私たちが投入した知識の全体像をAIがどう捉えているかを確認します。,Step3：「過去の自分」と話し、新たな洞察を引き出す,ノートブック内の情報について、AIに具体的な質問を投げかけます。「過去の議事録すべての中から、A部長が『コスト』について言及した発言を全てリストアップして」「5年前に作成した事業計画と、現在の状況を比較して、当時見えていなかったリスクは何だったか分析して」など、過去の自分やチームの知識をAIを介して引き出してみましょう。,組織や個人の暗黙知が形式知化され、貴重な知識資産として活用可能になります。過去の失敗や成功から体系的に学ぶ文化が醸成されます。セキュリティを担保しながら、AIの恩恵を最大限に享受することができます。
47_intermediate_market-value-career.json,中級上,中級(上),AIを「超優秀なヘッドハンター」とし、自身の市場価値を客観的に計測・向上させる術,現在の年収が自身の市場価値に見合っているのか客観的に知りたい方、現職に留まるべきか、転職すべきか、戦略的な判断基準が欲しい方,自分の給与が、世間一般の市場価値と比べて高いのか低いのか、客観的な基準が分からず、キャリアの停滞感や漠然とした不安を感じている、という課題を解決します。,【従来の独学法】「今の給料、もしかして安いかも…」と漠然とした不安を抱く。→ 転職サイトを眺めてみるが、多様な求人情報の中から自分の本当の市場価値を判断できない。→ 転職して成功する保証もなく、明確な判断基準がないまま、時間だけが過ぎていく。,【超AI独学法】AIに「あなたは最新の労働市場データに精通した、超優秀なヘッドハンターです」と役割を与える。→ 自身の職務経歴とスキルセットをインプットする。→ AIが客観的な市場価値（想定年収レンジ）を算出。→ さらに、「3年後に年収を20%アップさせるための、具体的なキャリア戦略と習得すべきスキル」を提案させる。,多くのビジネスパーソンがキャリアの停滞感を感じる根本原因は、自身の市場価値という「客観的な現在地」を把握できていないことにあります。AIを、最新の労働市場データに精通した優秀なヘッドハンターとして活用することで、あなたのスキルと経験を客観的に分析し、具体的な「想定年収レンジ」として提示させることが可能です。これは、まるでキャリアのナビゲションシステムが、あなたの現在地と目的地（目標年収）を明確に示し、そこへ至るための最短ルートを具体的に描き出してくれるようなものです。,Step1：自身の「職務経歴書」をデジタルデータとしてAIにインプットする,現在までの職務経歴、保有スキル、資格、具体的な実績（数値で示すのが望ましい）などを、テキストデータとして整理します。既存の履歴書や職務経歴書をコピー＆ペーストする形で構いません。,Step2：AIに「ヘッドハンター」として、市場価値の多角的分析を依頼する,AIに「あなたは最新の労働市場データに精通したヘッドハンターです。私の職務経歴を分析し、①現在の『想定年収レンジ』を具体的な金額で算出、②市場価値を高めている要因（強み）と、③逆に市場価値を下げている可能性のある要因（弱み）を、それぞれ3つずつ挙げてください」と依頼します。,Step3：AIに「キャリアアップ戦略」の具体的なアクションプランを立案させる,分析結果に基づき、「1年後、3年後に、私の市場価値（年収）を20%向上させるための、超具体的なアクションプランを提案してください」と依頼します。AIは、「習得すべきプログラミング言語：PythonとTypeScript」「取得を推奨する資格：AWS認定ソリューションアーキテクト」「次に経験すべき業務内容：5人以上のチームマネジメント」といった、具体的な指針を示してくれます。,自身の市場価値という「現在地」を客観的に把握でき、キャリアに関する的確な意思決定（現職での昇給交渉、転職など）が可能になります。行き当たりばったりのキャリアプランから脱却し、明確な目標を持って、計画的に自身の市場価値を高めることができます。昇給や転職の交渉の場で、自身の価値を客観的なデータと共に、論理的に提示できるようになります。
48_tatsuya_advanced_future-career-strategy.json,中級上,上級,AIの進化トレンドから未来を予測し、3年後のキャリア戦略を構想する術,現在のスキルが数年後には陳腐化するのではと不安で、変化の激しい時代に合わせた長期的なキャリア戦略を設計したい方,現在のスキルが数年後には陳腐化してしまうのではないかという漠然とした不安がある。変化の激しい時代の中で、場当たり的ではなく、長期的視点で自身のキャリアと学ぶべきスキルを設計したい、という課題を解決します。,【従来の独学法】業界紙やビジネス書を読み、未来予測をインプットする。しかし、マクロなトレンドと、自自身のミクロなキャリアとをどう結びつければ良いか分からず、具体的な行動計画に落とし込めない。,【超AI独学法】AIに「あなたは未来予測の専門家です。AIの進化トレンド（エージェント化、マルチモーダル化）に基づき、3年後のマーケティングマネージャーの仕事はどのように変化しているか、具体的なシナリオを3つ記述して。そして、その未来で価値を発揮するために、私が今から学ぶべきスキルを提案して」と指示。→ AIが未来の職業像を提示し、そこから逆算した学習ロードマップを設計する。,未来を正確に予測することは誰にもできませんが、変化の「方向性」を捉え、それに備えることは可能です。この課題の根本は、未来という不確実性の高いものに対して、体系的な思考のフレームワークを持たずに臨んでしまっている点にあります。AIは、最新の技術トレンドや専門家の議論を学習しており、それらを基に蓋然性高い未来シナリオを描き出す手助けをしてくれます。「もし、〇〇という未来が来たら？」という仮説をAIと共同で構築し、その世界で求められるであろう役割やスキルを逆算することで、今何をすべきかという、現在地からの具体的な一歩を導き出すことができます。,Step1：AIに、未来予測の「前提条件」となる世界観を与える,まず、どのような前提で未来を予測してほしいのか、AIにインプットします。「AI技術がさらに進化し、多くの知的労働が自動化される世界を前提とします。特に、自律型AIエージェントが普及していると仮定してください。」のように、思考の土台となる世界観を設定します。,Step2：その未来における、自身の「職業の変化」をAIに予測させる,次に、その未来の世界における、自分自身の職業がどう変化しているかをAIに予測させます。「この前提のとき、現代の『プロジクトマネージャー』という職業は、2028年にはどのような役割に変化していますか？具体的な業務内容の変化をリストアップしてください。」,Step3：未来の自分から逆算し、「今学ぶべきスキル」を特定させる,AIが描き出した未来の職業像に基づき、今取るべき具体的なアクションをAIに提案させます。「その未来の役割で最高のパフォーマンスを発揮するために、私がこの1年間で集中的に学ぶべきスキルや知識を3つ、優先順位をつけて提案してください。それぞれの学習方法も併せて教えてください。」,漠然とした未来への不安が、具体的な行動計画へと変わります。長期的な視点から、市場価値の高いスキルに自己投資できるようになり、キャリアの主導権を自分で握ることができます。変化を恐れるのではなく、変化を予測し、自らその波に乗るという、未来志向のマインドセットが身につきます。
49_beginner_book-recommendation.json,中級上,中級(上),AIにあなたの「読書DNA」を分析させ、次なる知的成長を促す「運命の一冊」と出会う術,世の中のベストセラーや著名人のおすすめ本に満足できず、自身の知的関心をさらに深め、拡張してくれるような、未知の良書と出会いたい学習意欲の高い方,ベストセラーや話題の本を読んでも、自分の興味や課題感と完全に一致することは少なく、本当に「読むべき本」が見つからない。結果として、読書による知的成長が停滞してしまう、という課題を解決します。,【従来の独学法】本屋やネット書店を訪れる。→ ベストセラーや話題の本が平みになっている。→ 多くの人が読んでいるという理由で購入する。→ しかし、読んでみると自分には合わなかったり、既に知っている内容だったりする。→ 知的成長が停滞し、読書へのモチベーションが低下する。,【超AI独学法】過去の読書履歴（特に感銘を受けた本、途中で挫折した本）をAIにインプット。→ 「私の読書傾向と、自分では気づいていない潜在的な興味を分析し、私の知的世界を拡張する『運命の一冊』を推薦して」と依頼。→ AIがあなたの「読書DNA」を解析し、全く新しい分野の良書や、あなたの興味をさらに深める専門書を、具体的な理由と共に推薦する。,本当にあなたの人生を変える一冊は、ベストセラーの棚にはないかもしれません。AIを、あなたの読書傾向を深く理解する優秀な司書として活用することで、あなたの過去の読書履歴から「知的DNA」を解析し、あなた自身も気づいていない深層の興味や、次る成長のために踏み出すべき知的領域を発見できます。これは、まるで最高の読書仲間が、あなたの知性の成長段階を完璧に見抜き、「君が次に読むべき本は、これしかないよ」と、運命の一冊を教えてくれるような、究極にパーソナライズされた読書体験です。,Step1：自身の「読書DNA」の解析材料となる、読書履歴を整理する,過去1〜2年で読んだ本のリストを作成します。単なるタイトルだけでなく、「特に感銘を受けた本」「途中で挫折した本」「何度も読み返している本」といった、あなたの感情が動いた本に関する情報も加えることが、分析精度を高める鍵です。読書管理アプリのデータや、Amazonの購入履歴を活用すると効率的です。,Step2：AIに「洞察力のある司書」として、多角的な分析と推薦を依頼する,「あなたは利用者の読書履歴からその人の魂まで見抜く、洞察力に優れた司書ですと役割を設定します。その上で、読書履歴データから「①私の隠れた興味のパターン、②今後の知的成長の方向性、③今の私に最も必要な『栄養素』となる本」を分析・推薦させます。,Step3：AIが提示する「推薦理由」を深く読み込み、次なる知的冒険の書を選ぶ,AIは「あなたはビジネス書を多く読んでいますが、その根底には常に『人間の心理』への強い関心が見られます。そこで、次なる一冊として、行動経済学の古典的名著『予想どおりに不合理』を推薦します。これにより、あなたのビジネスへの洞察はさらに深まるでしょう」といった、具体的な分析と推薦理由を提示します。この理由に納得できたら、新たな知的冒訪を始めましょう。,自分でも気づかなかった潜在的な知的興味を発見し、読書のマンネリ化から脱却できます。自身の現在の成長段階や課題感に完全に合致した本と出会うことで、知識が有機的にびつき、思考が飛躍的に深まります。AIという最高の読書パートナーを得ることで、生涯にわたる知的成長が加速します。
50_tatsuya_intermediate_ai-era-output-thinking.json,中級上,中級,AI時代に価値を高める「アウトプット思考法」を身につける術,AIを使えば誰でもそれなりのアウトプットが作れるようになり、自分の仕事の価値がどこにあるのか分からなくなってきている方,AIを使えば誰でもそれなりのアウトプットが作れるようになった結果、自分の仕事の価値がどこにあるのか分からなくなってきている。その他大勢との差別化をどう図ればいいか、という本質的な課題を解決します。,【従来の独学法】資料作成のテクニックやデザインの型を学ぶ。インプットを増やし、知識量で勝負しようとする。しかしAIの圧倒的な情報処理能力の前では、知識量だけでの差別化は困難になる。,【超AI独学法】AIを「高速なリサーチと下書き担当の部下」と位置づける。自分は「問いを立てる」「情報の構造を設計する」「最終的な意思決定と表現に責任を持つ」という、編集長やプロデューサーの役割に徹する。AIの生成物を鵜呑みにせず、常に批判的な視点で「なぜそう言えるのか？」「本質は何か？」を問い続ける。,AI時代において、単なる情報の生成や整理といった作業の価値は相対的に低下します。私たち人間の価値は、AIにはできない「問いを立てる力」「複数の情報を統合し、独自の構造や文脈を与える力」「最終的なアウトプットに責任を持ち、聞き手の心を動かす表現力」にシフトします。この課題の根本は、AIを単なる効率化ツールと捉え、思考のパートナーとして捉えられていない点にあります。AIを自分の思考を拡張するための外部置と捉え、質の高い「問い」を投げかけ、AIの回答を鵜呑みにせず、常に一段上の視点から再構築・意味付けする思考法こそが、これからの時代に求められる本質的なスキルです。,Step1：AIへの指示を「作業依頼」から「本質的な問い」に変える,「〇〇についてまとめて」という指示から一歩進め、「〇〇という事象の根本原因は何だと考えますか？3つの異なる視点から分析してください」というように、AIに深い洞察を求める「問い」を設計する能力を磨きましょう。,Step2：AIが作った構造に、独自の「切り口」を加える,AIに情報のリストアップや分類をさせた後、その構造自体を批判的に検討します。「AIが提案したこの分類方法は一般的すぎる。むしろ『時間軸』と『重要度』の2軸で再整理し、独自の視点を示せないか？」と考え、AIに再構成を指示します。情報の羅列ではなく、私たち独自のり口こそが価値を生みます。,Step3：AIの生成物に、人間ならではの「魂」を吹き込む,AIが生成したロジカルな文章を、そのまま使ってはいけません。自身の経験に基づいたエピソードを加えたり、聞き手の感情に訴えかけるような言葉を選んだり、熱意やビジョンを語ったりすることで、無機質な情報に「魂」を吹き込みます。最終的なアウトプットの文責は、全て自分にあるという覚悟を持つことが重要です。,AIに代替されない、人間ならではの思考力と付加価値を明確に定義できます。AIを使えば使うほど、自身の思考が深まり、専門性が高まるという好循環が生まれます。AI時代において、その他大勢から一線を画す、市場価値の高いプロフェッショナルであり続けることができます。
